PdId,IncidntNum,Incident Code,Category,Descript,DayOfWeek,Date,Time,PdDistrict,Resolution,Address,X,Y,location,SF Find Neighborhoods 2 2,Current Police Districts 2 2,Current Supervisor Districts 2 2,Analysis Neighborhoods 2 2,DELETE - Fire Prevention Districts 2 2,DELETE - Police Districts 2 2,DELETE - Supervisor Districts 2 2,DELETE - Zip Codes 2 2,DELETE - Neighborhoods 2 2,DELETE - 2017 Fix It Zones 2 2,Civic Center Harm Reduction Project Boundary 2 2,Fix It Zones as of 2017-11-06  2 2,DELETE - HSOC Zones 2 2,Fix It Zones as of 2018-02-07 2 2,"CBD, BID and GBD Boundaries as of 2017 2 2","Areas of Vulnerability, 2016 2 2",Central Market/Tenderloin Boundary 2 2,Central Market/Tenderloin Boundary Polygon - Updated 2 2,HSOC Zones as of 2018-06-05 2 2,OWED Public Spaces 2 2,Neighborhoods 2
3114751606302,031147516,06302,LARCENY/THEFT,PETTY THEFT FROM A BUILDING,Sunday,09/28/2003,10:00,SOUTHERN,,1ST ST / BRANNAN ST,-120.5,90,POINT (-120.50000000000001 90),,,,,,,,,,,,,,,,,,,,,
5069701104134,050697011,04134,ASSAULT,BATTERY,Wednesday,06/22/2005,12:20,NORTHERN,,1200 Block of EDDY ST,-122.428223303176,37.7818959488603,POINT (-122.42822330317601 37.7818959488603),97,4,11,39,7,9,11,29490,41,,,,,,,2,,,,,97
6074729204104,060747292,04104,ASSAULT,ASSAULT,Saturday,07/15/2006,00:55,CENTRAL,,1600 Block of POWELL ST,-122.410672425337,37.799788690123,POINT (-122.41067242533701 37.799788690123),106,6,3,6,3,1,10,308,4,,,,,,,2,,,,,106
7103536315201,071035363,15201,ASSAULT,STALKING,Tuesday,09/25/2007,00:01,TARAVAL,,400 Block of ULLOA ST,-122.458226300605,37.7413616001449,POINT (-122.458226300605 37.7413616001449),49,10,8,41,1,8,4,59,40,,,,,,,1,,,,,49
11082415274000,110824152,74000,MISSING PERSON,MISSING ADULT,Saturday,09/24/2011,11:00,TARAVAL,LOCATED,3200 Block of SAN JOSE AV,-122.459172646607,37.7082001648459,POINT (-122.459172646607 37.7082001648459),,,,,,,,28588,,,,,,,,,,,,,
4037801104134,040378011,04134,ASSAULT,BATTERY,Friday,12/12/2003,12:00,SOUTHERN,,500 Block of I-80,-122.386667033903,37.7898821569191,POINT (-122.38666703390301 37.7898821569191),,,,,,,,28856,,,,,,,,,,,,,
4147669007025,041476690,07025,VEHICLE THEFT,STOLEN TRUCK,Thursday,12/30/2004,19:00,BAYVIEW,,100 Block of KAREN CT,-122.407531316146,37.723291086507,POINT (-122.40753131614602 37.723291086507),91,2,2,25,10,3,7,309,28,,,,,,,1,,,,,91
16010127305073,160101273,05073,BURGLARY,"BURGLARY, UNLAWFUL ENTRY",Wednesday,02/03/2016,20:30,MISSION,"ARREST, BOOKED",2300 Block of 16TH ST,-122.40952991327822,37.76571843952822,POINT (-122.40952991327822 37.76571843952822),53,3,9,20,8,4,8,28853,19,,,,3,,,2,,,3,,53
17004924306243,170049243,06243,LARCENY/THEFT,PETTY THEFT FROM LOCKED AUTO,Wednesday,01/18/2017,18:20,TARAVAL,,NORIEGA ST / SUNSET BL,-122.49522504431104,37.75341185338174,POINT (-122.49522504431104 37.75341185338174),39,10,7,35,1,8,3,56,35,,,,,,,1,,,,,39
16065828006244,160658280,06244,LARCENY/THEFT,GRAND THEFT FROM LOCKED AUTO,Sunday,08/14/2016,21:00,TARAVAL,,3200 Block of 20TH AV,-122.47564746078615,37.72852806274646,POINT (-122.47564746078615 37.72852806274647),41,10,8,16,1,8,4,64,14,,,,,,,2,,,,,41
18032260316100,180322603,16100,DRUG/NARCOTIC,POSSESSION OF HEROIN,Tuesday,05/01/2018,13:27,SOUTHERN,"ARREST, BOOKED",600 Block of STEVENSON ST,-122.41265189435406,37.77951316688882,POINT (-122.41265189435406 37.77951316688882),32,5,10,34,8,2,9,28853,34,3,1,3,1,3,7,2,1,1,1,,32
17612518006244,176125180,06244,LARCENY/THEFT,GRAND THEFT FROM LOCKED AUTO,Tuesday,05/16/2017,13:00,RICHMOND,,500 Block of JOHNFKENNEDY DR,-122.46620466789287,37.772540539159316,POINT (-122.46620466789287 37.772540539159316),9,8,4,12,11,6,2,54,8,,,,,,,1,,,,,9
17629086806374,176290868,06374,LARCENY/THEFT,GRAND THEFT OF PROPERTY,Wednesday,11/01/2017,02:00,SOUTHERN,,3RD ST / TOWNSEND ST,-122.39275357357432,37.778851867022745,POINT (-122.39275357357432 37.778851867022745),32,1,10,34,6,2,9,28856,34,,,,,,,2,,,,,32
17014483765050,170144837,65050,DRIVING UNDER THE INFLUENCE,DRIVING WHILE UNDER THE INFLUENCE OF ALCOHOL,Monday,02/20/2017,00:50,BAYVIEW,"ARREST, BOOKED",200 Block of WILLIAMS AV,-122.39774442710336,37.729934693604356,POINT (-122.39774442710336 37.729934693604356),86,2,9,1,10,3,8,58,1,,,,,,,2,,,,,86
17614594028150,176145940,28150,VANDALISM,"MALICIOUS MISCHIEF, VANDALISM",Tuesday,06/06/2017,08:00,NORTHERN,,2400 Block of GREENWICH ST,-122.43998197414118,37.79837263684663,POINT (-122.43998197414118 37.798372636846636),14,4,6,13,13,9,1,57,17,,,,,,,1,,,,,14
16006703930000,160067039,30000,OTHER OFFENSES,"PERMIT VIOLATION, POLICE (GENERAL)",Saturday,01/23/2016,22:34,NORTHERN,"ARREST, BOOKED",FILLMORE ST / GREENWICH ST,-122.43587022018636,37.79895141428513,POINT (-122.43587022018636 37.79895141428513),15,4,6,13,13,9,1,57,17,,,,,,,1,,,,,15
17620614406244,176206144,06244,LARCENY/THEFT,GRAND THEFT FROM LOCKED AUTO,Wednesday,08/09/2017,09:30,RICHMOND,,500 Block of JOHNFKENNEDY DR,-122.46620466789287,37.772540539159316,POINT (-122.46620466789287 37.772540539159316),9,8,4,12,11,6,2,54,8,,,,,,,1,,,,,9
16060943719090,160609437,19090,DRUNKENNESS,UNDER INFLUENCE OF ALCOHOL IN A PUBLIC PLACE,Thursday,07/28/2016,21:40,TARAVAL,"ARREST, BOOKED",19TH AV / WINSTON DR,-122.47489915168849,37.72699053098607,POINT (-122.47489915168849 37.72699053098607),41,10,8,41,9,8,4,64,40,,,,,,,1,,,,,41
16099263027170,160992630,27170,OTHER OFFENSES,RESISTING ARREST,Wednesday,12/07/2016,02:18,MISSION,"ARREST, BOOKED",2400 Block of MISSION ST,-122.4189630823251,37.75842030365313,POINT (-122.4189630823251 37.75842030365313),53,3,2,20,2,4,7,28859,19,13,,15,3,15,,2,,,3,,53
17087589428160,170875894,28160,VANDALISM,"MALICIOUS MISCHIEF, VANDALISM OF VEHICLES",Thursday,10/26/2017,14:12,TARAVAL,,PHELAN AV / OCEAN AV,-122.45233012087064,37.72307870593594,POINT (-122.45233012087064 37.72307870593594),64,10,8,24,9,8,4,28861,24,,,19,,19,,2,,,,,64
17046132404013,170461324,04013,ASSAULT,AGGRAVATED ASSAULT WITH A DEADLY WEAPON,Monday,06/05/2017,21:50,PARK,,COLE ST / HAIGHT ST,-122.45070991914437,37.76952622706932,POINT (-122.45070991914437 37.76952622706932),25,7,11,3,15,5,11,29492,9,22,,24,,25,,1,,,,,25
16092490606241,160924906,06241,LARCENY/THEFT,PETTY THEFT FROM LOCKED AUTO,Sunday,11/13/2016,11:00,NORTHERN,,WEBSTER ST / GOLDEN GATE AV,-122.43023456527314,37.77978242616834,POINT (-122.43023456527314 37.779782426168346),97,4,11,39,7,9,11,29490,41,,,,,,,2,,,,,97
16015068406244,160150684,06244,LARCENY/THEFT,GRAND THEFT FROM LOCKED AUTO,Saturday,02/20/2016,11:00,MISSION,,19TH ST / GUERRERO ST,-122.42364395748542,37.75996673124653,POINT (-122.42364395748542 37.75996673124653),37,3,5,20,2,4,5,28859,19,,,,,,,1,,,,,37
16014509905061,160145099,05061,BURGLARY,"BURGLARY OF WAREHOUSE, FORCIBLE ENTRY",Thursday,02/18/2016,01:45,MISSION,"ARREST, BOOKED",100 Block of POTRERO AV,-122.40767905714388,37.76771004340844,POINT (-122.40767905714388 37.76771004340844),33,3,9,20,8,4,8,28853,19,,,,3,,,2,,,3,,33
16025217765016,160252177,65016,OTHER OFFENSES,"DRIVERS LICENSE, SUSPENDED OR REVOKED",Saturday,03/26/2016,23:44,SOUTHERN,"ARREST, BOOKED",11TH ST / HARRISON ST,-122.41248326347984,37.77063059107756,POINT (-122.41248326347984 37.77063059107756),32,1,10,20,8,2,9,28853,19,,,,,,,2,,,,,32
16023711306244,160237113,06244,LARCENY/THEFT,GRAND THEFT FROM LOCKED AUTO,Monday,03/21/2016,17:00,SOUTHERN,,11TH ST / HARRISON ST,-122.41248326347984,37.77063059107756,POINT (-122.41248326347984 37.77063059107756),32,1,10,20,8,2,9,28853,19,,,,,,,2,,,,,32
17083350774000,170833507,74000,MISSING PERSON,MISSING ADULT,Thursday,10/12/2017,10:00,NORTHERN,,2300 Block of BUCHANAN ST,-122.43107316900743,37.79156871030016,POINT (-122.43107316900743 37.79156871030016),102,4,6,30,13,9,1,29490,27,,,,,,,1,,,,,102
16040870665016,160408706,65016,OTHER OFFENSES,"DRIVERS LICENSE, SUSPENDED OR REVOKED",Thursday,05/19/2016,03:48,NORTHERN,"ARREST, BOOKED",SUTTER ST / GOUGH ST,-122.42505022797225,37.78713003718317,POINT (-122.42505022797225 37.78713003718317),100,4,11,30,13,9,11,28858,27,,,,,,,1,,,,,100
17025281664020,170252816,64020,NON-CRIMINAL,"AIDED CASE, MENTAL DISTURBED",Tuesday,03/28/2017,03:30,SOUTHERN,,0 Block of DORE ST,-122.41304597196554,37.77386177716113,POINT (-122.41304597196554 37.77386177716113),32,1,10,34,8,2,9,28853,34,,1,,1,,,2,,,1,,32
16074416828160,160744168,28160,VANDALISM,"MALICIOUS MISCHIEF, VANDALISM OF VEHICLES",Tuesday,09/13/2016,14:00,CENTRAL,,POLK ST / NORTHPOINT ST,-122.42365836980917,37.805285092656625,POINT (-122.42365836980917 37.805285092656625),98,6,6,32,5,1,1,28858,32,,,,,,2,1,,,,,98
16067064828160,160670648,28160,VANDALISM,"MALICIOUS MISCHIEF, VANDALISM OF VEHICLES",Friday,08/19/2016,01:40,SOUTHERN,,400 Block of NATOMA ST,-122.40703905508214,37.7807565183591,POINT (-122.40703905508214 37.780756518359105),32,1,10,34,14,2,9,28853,34,,1,,,,7,2,1,1,,,32
18033187065016,180331870,65016,OTHER OFFENSES,"DRIVERS LICENSE, SUSPENDED OR REVOKED",Friday,05/04/2018,18:06,NORTHERN,,3700 Block of BRODERICK ST,-122.4456248271671,37.804897416581035,POINT (-122.4456248271671 37.804897416581035),17,4,6,13,13,9,1,57,17,,,,,,,1,,,,,17
17046966306303,170469663,06303,LARCENY/THEFT,PETTY THEFT FROM A BUILDING,Wednesday,06/07/2017,00:32,NORTHERN,,1800 Block of BROADWAY ST,-122.427548850319,37.795263148173355,POINT (-122.427548850319 37.795263148173355),102,4,6,30,13,9,1,28858,27,,,,,,,1,,,,,102
16092440103474,160924401,03474,ROBBERY,ATTEMPTED ROBBERY WITH BODILY FORCE,Saturday,11/12/2016,22:00,PARK,,17TH ST / CLAYTON ST,-122.44678349662824,37.76178159738719,POINT (-122.44678349662824 37.76178159738719),112,7,11,3,15,5,11,29492,9,,,,,,,1,,,,,112
16623704606244,166237046,06244,LARCENY/THEFT,GRAND THEFT FROM LOCKED AUTO,Sunday,10/23/2016,21:45,NORTHERN,,POST ST / POLK ST,-122.41993011161095,37.78682620821561,POINT (-122.41993011161095 37.78682620821561),50,4,3,36,13,9,10,28858,36,,,,,,10,2,,,,,50
16005246606243,160052466,06243,LARCENY/THEFT,PETTY THEFT FROM LOCKED AUTO,Tuesday,01/19/2016,11:30,SOUTHERN,,800 Block of BRYANT ST,-122.40340479147905,37.775420706711,POINT (-122.40340479147905 37.775420706711),32,1,10,34,14,2,9,28853,34,,,,,,,2,,,,,32
17097344807021,170973448,07021,VEHICLE THEFT,STOLEN AUTOMOBILE,Thursday,11/30/2017,20:00,PARK,,0 Block of VASQUEZ AV,-122.45755146619648,37.74625993888888,POINT (-122.45755146619648 37.74625993888888),49,7,8,41,1,5,4,59,40,,,,,,,1,,,,,49
17061592964070,170615929,64070,SUSPICIOUS OCC,SUSPICIOUS OCCURRENCE,Saturday,07/29/2017,06:00,INGLESIDE,,100 Block of CORTLAND AV,-122.42059720340312,37.74005381087834,POINT (-122.42059720340312 37.74005381087834),61,9,2,2,2,7,7,28859,2,,,,,,,1,,,,,61
16090266764070,160902667,64070,SUSPICIOUS OCC,SUSPICIOUS OCCURRENCE,Saturday,11/05/2016,18:17,TARAVAL,,TARAVAL ST / 37TH AV,-122.49497933634231,37.74220011343486,POINT (-122.49497933634231 37.74220011343486),39,10,7,35,1,8,3,29491,35,,,,,,,1,,,,,39
16037554706312,160375547,06312,LARCENY/THEFT,PETTY THEFT BICYCLE,Saturday,05/07/2016,17:50,MISSION,,0 Block of 14TH ST,-122.41399121012827,37.76858023548153,POINT (-122.41399121012827 37.76858023548153),53,3,2,20,8,4,7,28853,19,,,,3,,,2,,,3,,53
16020237661030,160202376,61030,NON-CRIMINAL,"DEATH REPORT, CAUSE UNKNOWN",Tuesday,03/08/2016,17:37,NORTHERN,,2200 Block of VANNESS AV,-122.42368281433818,37.79620462095639,POINT (-122.42368281433818 37.79620462095639),102,4,6,30,13,9,1,28858,27,,,,,,,1,,,,,102
17613107428150,176131074,28150,VANDALISM,"MALICIOUS MISCHIEF, VANDALISM",Saturday,05/20/2017,18:55,PARK,,2400 Block of GEARY BL,-122.44359704751092,37.782643528093914,POINT (-122.44359704751092 37.782643528093914),13,8,6,18,15,5,1,29490,16,,,,,,,1,,,,,13
17086224964070,170862249,64070,SUSPICIOUS OCC,SUSPICIOUS OCCURRENCE,Saturday,10/21/2017,12:00,PARK,,2400 Block of GEARY BL,-122.44359704751092,37.782643528093914,POINT (-122.44359704751092 37.782643528093914),13,8,6,18,15,5,1,29490,16,,,,,,,1,,,,,13
17632517006244,176325170,06244,LARCENY/THEFT,GRAND THEFT FROM LOCKED AUTO,Saturday,12/09/2017,01:00,BAYVIEW,,900 Block of KANSAS ST,-122.40293081410265,37.75767614205878,POINT (-122.40293081410265 37.75767614205878),54,2,9,26,10,3,8,28856,29,,,,,,,1,,,,,54
16041702004134,160417020,04134,ASSAULT,BATTERY,Sunday,05/22/2016,02:30,TARAVAL,,1300 Block of 48TH AV,-122.50806273030732,37.76124528553392,POINT (-122.50806273030732 37.76124528553392),39,10,7,35,1,8,3,56,35,,,,,,,1,,,,,39
16015697706244,160156977,06244,LARCENY/THEFT,GRAND THEFT FROM LOCKED AUTO,Tuesday,02/09/2016,06:45,SOUTHERN,,11TH ST / HOWARD ST,-122.41556446569527,37.77309948204797,POINT (-122.41556446569527 37.773099482047975),32,1,10,20,8,2,9,28853,19,,1,,1,,,2,1,1,1,,32
16603563006372,166035630,06372,LARCENY/THEFT,PETTY THEFT OF PROPERTY,Thursday,02/04/2016,16:30,SOUTHERN,,MARKET ST / TAYLOR ST,-122.41029351968982,37.78223058700358,POINT (-122.41029351968982 37.78223058700358),20,5,10,34,14,2,9,28853,34,17,1,18,1,18,7,2,1,1,1,35,20
17040658028160,170406580,28160,VANDALISM,"MALICIOUS MISCHIEF, VANDALISM OF VEHICLES",Wednesday,05/17/2017,20:30,NORTHERN,,HEMLOCK ST / VANNESS AV,-122.42166371443264,37.78707540399301,POINT (-122.42166371443264 37.78707540399301),100,4,6,21,13,9,1,28858,21,,,,,,10,2,,,,,100
16088628727195,160886287,27195,TRESPASS,TRESPASSING,Friday,10/28/2016,19:00,PARK,,1400 Block of 7TH AV,-122.46404477780406,37.761316183664064,POINT (-122.46404477780406 37.761316183664064),109,7,11,14,1,5,11,56,12,,,,,,,1,,,,,109
17074533827090,170745338,27090,LARCENY/THEFT,"LOST PROPERTY, PETTY THEFT",Monday,09/11/2017,14:50,CENTRAL,,100 Block of CALIFORNIA ST,-122.39821721888966,37.79348664990497,POINT (-122.39821721888966 37.79348664990497),108,6,3,8,4,1,10,28860,6,,,,,,,2,,,,,108
16608571006372,166085710,06372,LARCENY/THEFT,PETTY THEFT OF PROPERTY,Saturday,04/02/2016,01:00,SOUTHERN,,0 Block of 4TH ST,-122.40506481307374,37.785048251468666,POINT (-122.40506481307374 37.785048251468666),32,5,10,34,12,2,9,28853,34,,,,,,4,2,,,,,32
16611598106244,166115981,06244,LARCENY/THEFT,GRAND THEFT FROM LOCKED AUTO,Tuesday,05/24/2016,09:30,BAYVIEW,,18TH ST / TEXAS ST,-122.39556526212482,37.762638417311585,POINT (-122.39556526212482 37.762638417311585),54,2,9,26,14,3,8,28856,29,,,,,,,1,,,,,54
16092216065010,160922160,65010,OTHER OFFENSES,TRAFFIC VIOLATION ARREST,Saturday,11/12/2016,13:44,MISSION,"ARREST, BOOKED",GUERRERO ST / 15TH ST,-122.42426056137934,37.7664064445087,POINT (-122.42426056137934 37.7664064445087),37,3,5,20,8,4,5,28853,19,,,,,,,2,,,,,37
16087296327199,160872963,27199,TRESPASS,LODGING WITHOUT PERMISSION,Wednesday,10/26/2016,16:37,SOUTHERN,"ARREST, BOOKED",6TH ST / HARRISON ST,-122.40407161140638,37.77727418543535,POINT (-122.40407161140638 37.77727418543535),32,1,10,34,14,2,9,28856,34,24,,6,,6,,2,,,,,32
17629271706224,176292717,06224,LARCENY/THEFT,GRAND THEFT FROM UNLOCKED AUTO,Wednesday,10/25/2017,19:00,MISSION,,MISSION ST / 21ST ST,-122.4189042045166,37.7570361132269,POINT (-122.4189042045166 37.7570361132269),53,3,2,20,2,4,7,28859,19,13,,15,3,15,,2,,,3,,53
16014057207021,160140572,07021,VEHICLE THEFT,STOLEN AUTOMOBILE,Saturday,02/13/2016,11:00,MISSION,,500 Block of NOE ST,-122.43282361292114,37.76061820164102,POINT (-122.43282361292114 37.76061820164102),38,3,5,5,2,4,5,28862,3,,,,,,,1,,,5,,38
18034180719089,180341807,19089,OTHER OFFENSES,INCIDENT ON SCHOOL GROUNDS,Tuesday,05/08/2018,09:55,MISSION,,2300 Block of FOLSOM ST,-122.41469551481016,37.759686176424495,POINT (-122.41469551481016 37.759686176424495),53,3,2,20,2,4,7,28859,19,13,,15,3,15,,2,,,3,,53
16063571103014,160635711,03014,ROBBERY,"ROBBERY ON THE STREET, STRONGARM",Sunday,08/07/2016,03:40,INGLESIDE,"ARREST, BOOKED",100 Block of BLYTHDALE AV,-122.42055675144246,37.71089458149139,POINT (-122.42055675144246 37.71089458149139),74,9,9,40,9,7,8,309,39,,,16,,16,,2,,,,,74
17034242363010,170342423,63010,WARRANTS,WARRANT ARREST,Wednesday,04/26/2017,02:00,RICHMOND,"ARREST, BOOKED",0 Block of PARSONS ST,-122.45527648759979,37.77514899377691,POINT (-122.45527648759979 37.77514899377691),12,8,4,18,11,6,2,54,16,,,,,,,1,,,,,12
17004846109016,170048461,09016,FORGERY/COUNTERFEITING,"CHECKS OR LEGAL INSTRUMENTS, UTTERING FORGED",Monday,01/02/2017,12:00,CENTRAL,,400 Block of SUTTER ST,-122.40780266837622,37.78938189050213,POINT (-122.40780266837622 37.78938189050213),19,6,3,8,5,1,10,28857,6,10,,12,,12,5,2,,,,,19
17012976064085,170129760,64085,SUSPICIOUS OCC,INVESTIGATIVE DETENTION,Tuesday,02/14/2017,22:34,BAYVIEW,"ARREST, BOOKED",CESAR CHAVEZ ST / 3RD ST,-122.38758678075612,37.75026529186443,POINT (-122.38758678075612 37.75026529186443),56,2,9,1,10,3,8,58,1,,,,,,14,1,,,,,56
17033153906113,170331539,06113,LARCENY/THEFT,GRAND THEFT PICKPOCKET,Saturday,04/22/2017,19:30,NORTHERN,,EDDY ST / LARKIN ST,-122.41753069697998,37.78331075399689,POINT (-122.41753069697998 37.78331075399689),20,5,10,36,7,9,9,28852,36,17,1,18,,18,6,2,1,1,,,20
17008330406303,170083304,06303,LARCENY/THEFT,PETTY THEFT FROM A BUILDING,Saturday,01/28/2017,21:00,TARAVAL,,0 Block of DEMONTFORT AV,-122.45870005771599,37.7237099095411,POINT (-122.45870005771599 37.7237099095411),64,10,8,24,9,8,4,28861,24,,,19,,19,,2,,,,,64
17058730665010,170587306,65010,OTHER OFFENSES,TRAFFIC VIOLATION ARREST,Wednesday,07/19/2017,14:10,SOUTHERN,,TURK ST / MASON ST,-122.40895359827883,37.783287873572014,POINT (-122.40895359827883 37.783287873572014),20,5,10,36,14,2,9,28853,36,17,1,18,,18,7,2,1,1,,35,20
16052369927199,160523699,27199,TRESPASS,LODGING WITHOUT PERMISSION,Tuesday,06/28/2016,10:30,NORTHERN,"ARREST, BOOKED",LOMBARD ST / DIVISADERO ST,-122.44264969637385,37.79899924700105,POINT (-122.44264969637385 37.79899924700105),14,4,6,13,13,9,1,57,17,,,,,,,1,,,,,14
17105596811012,171055968,11012,STOLEN PROPERTY,"STOLEN PROPERTY, POSSESSION WITH KNOWLEDGE, RECEIVING",Sunday,12/31/2017,21:55,NORTHERN,"ARREST, BOOKED",1800 Block of JACKSON ST,-122.42554140157225,37.793673841081215,POINT (-122.42554140157225 37.793673841081215),102,4,6,30,13,9,1,28858,27,,,,,,,1,,,,,102
17057236306244,170572363,06244,LARCENY/THEFT,GRAND THEFT FROM LOCKED AUTO,Friday,07/14/2017,11:30,RICHMOND,,500 Block of JOHNFKENNEDY DR,-122.46620466789287,37.772540539159316,POINT (-122.46620466789287 37.772540539159316),9,8,4,12,11,6,2,54,8,,,,,,,1,,,,,9
17083807409029,170838074,09029,OTHER OFFENSES,FALSE PERSONATION TO RECEIVE MONEY OR PROPERTY,Tuesday,10/10/2017,14:00,INGLESIDE,,0 Block of WILDER ST,-122.43341001187929,37.734089966265465,POINT (-122.43341001187929 37.734089966265465),96,9,5,10,2,7,5,63,7,15,,17,,17,,1,,,,,96
17613030528150,176130305,28150,VANDALISM,"MALICIOUS MISCHIEF, VANDALISM",Saturday,05/20/2017,23:30,NORTHERN,,FRANKLIN ST / TURK ST,-122.42227702763972,37.78175287678813,POINT (-122.42227702763972 37.78175287678813),100,4,11,39,7,9,11,28852,41,,1,,1,,8,2,,,1,,100
17105280106244,171052801,06244,LARCENY/THEFT,GRAND THEFT FROM LOCKED AUTO,Friday,12/29/2017,19:30,SOUTHERN,,800 Block of MISSION ST,-122.40539549393928,37.78351007154212,POINT (-122.40539549393928 37.78351007154212),32,1,10,34,12,2,9,28853,34,,,,,,4,2,,,,,32
16068172065010,160681720,65010,OTHER OFFENSES,TRAFFIC VIOLATION ARREST,Tuesday,08/23/2016,11:04,PARK,"ARREST, BOOKED",PARNASSUS AV / 4TH AV,-122.46084342394221,37.76262807802307,POINT (-122.46084342394221 37.76262807802307),109,7,11,14,15,5,11,63,12,,,,,,,1,,,,,109
16053534307025,160535343,07025,VEHICLE THEFT,STOLEN TRUCK,Thursday,06/30/2016,22:00,MISSION,,1000 Block of HAMPSHIRE ST,-122.4075927261022,37.75528803120753,POINT (-122.4075927261022 37.75528803120753),53,3,2,20,2,4,7,28859,19,,,,3,,,2,,,3,,53
18000840507021,180008405,07021,VEHICLE THEFT,STOLEN AUTOMOBILE,Wednesday,12/27/2017,23:00,INGLESIDE,,2200 Block of BAY SHORE BL,-122.40296132423939,37.712119503905704,POINT (-122.40296132423939 37.712119503905704),75,9,9,40,9,7,8,309,39,,,,,,,2,,,,,75
16065794763010,160657947,63010,WARRANTS,WARRANT ARREST,Monday,08/15/2016,08:15,MISSION,"ARREST, BOOKED",1700 Block of MISSION ST,-122.41987691713402,37.76957974718961,POINT (-122.41987691713402 37.76957974718962),53,3,2,20,8,4,7,28853,19,,1,,3,,,2,,,3,,53
16097174706302,160971747,06302,LARCENY/THEFT,PETTY THEFT FROM A BUILDING,Tuesday,11/29/2016,17:10,SOUTHERN,"ARREST, BOOKED",500 Block of 9TH ST,-122.40770214971826,37.770696793086465,POINT (-122.40770214971826 37.770696793086465),33,1,10,34,14,2,9,28853,34,,,,,,,2,,,,,33
17619634106244,176196341,06244,LARCENY/THEFT,GRAND THEFT FROM LOCKED AUTO,Saturday,04/22/2017,12:30,RICHMOND,,800 Block of GREAT HY,-122.51102472112423,37.77214367862719,POINT (-122.51102472112423 37.77214367862719),8,8,4,29,11,6,2,55,26,,,,,,,1,,,,,8
16088231005053,160882310,05053,BURGLARY,"BURGLARY OF STORE, UNLAWFUL ENTRY",Saturday,10/29/2016,19:20,RICHMOND,,5300 Block of GEARY BL,-122.47670893050508,37.780332297136944,POINT (-122.47670893050508 37.780332297136944),5,8,4,29,11,6,2,55,26,,,,,,,1,,,,,5
17092864706303,170928647,06303,LARCENY/THEFT,PETTY THEFT FROM A BUILDING,Tuesday,11/14/2017,16:19,MISSION,,2800 Block of MISSION ST,-122.41829609443685,37.75142848567855,POINT (-122.41829609443685 37.75142848567855),53,3,2,20,2,4,7,28859,19,,,,3,,,2,,,3,,53
16095005862050,160950058,62050,WARRANTS,ENROUTE TO OUTSIDE JURISDICTION,Monday,11/21/2016,22:31,SOUTHERN,"ARREST, BOOKED",POLK ST / MARKET ST,-122.41750470314463,37.77654003803278,POINT (-122.41750470314463 37.77654003803278),21,5,10,36,8,2,9,28853,36,,1,,1,,8,2,1,1,1,35,21
16068502304134,160685023,04134,ASSAULT,BATTERY,Wednesday,08/24/2016,10:15,SOUTHERN,"ARREST, BOOKED",600 Block of 3RD ST,-122.39346095316675,37.779497570213096,POINT (-122.39346095316675 37.779497570213096),31,1,10,8,6,2,9,28856,6,,,,,,,1,,,,,31
17054130211012,170541302,11012,STOLEN PROPERTY,"STOLEN PROPERTY, POSSESSION WITH KNOWLEDGE, RECEIVING",Monday,07/03/2017,18:10,RICHMOND,"ARREST, BOOKED",5700 Block of GEARY BL,-122.48100331712078,37.78038213077566,POINT (-122.48100331712078 37.78038213077566),8,8,4,29,11,6,2,55,26,,,,,,,2,,,,,8
16082547311012,160825473,11012,STOLEN PROPERTY,"STOLEN PROPERTY, POSSESSION WITH KNOWLEDGE, RECEIVING",Monday,10/10/2016,11:40,RICHMOND,"ARREST, BOOKED",2200 Block of POST ST,-122.43885717124,37.784368531975595,POINT (-122.43885717124 37.784368531975595),103,4,11,15,15,6,11,29490,13,,,,,,,2,,,,,103
16095839765016,160958397,65016,OTHER OFFENSES,"DRIVERS LICENSE, SUSPENDED OR REVOKED",Friday,11/25/2016,01:45,TENDERLOIN,"ARREST, BOOKED",HYDE ST / OFARRELL ST,-122.41626183683353,37.785375084637565,POINT (-122.41626183683353 37.785375084637565),20,5,10,36,7,10,9,28858,36,,,,,,6,2,1,1,,,20
18032912664085,180329126,64085,SUSPICIOUS OCC,INVESTIGATIVE DETENTION,Thursday,05/03/2018,16:56,SOUTHERN,,400 Block of NATOMA ST,-122.40703905508214,37.7807565183591,POINT (-122.40703905508214 37.780756518359105),32,1,10,34,14,2,9,28853,34,,1,,,,7,2,1,1,,,32
17088069907021,170880699,07021,VEHICLE THEFT,STOLEN AUTOMOBILE,Friday,10/27/2017,20:30,INGLESIDE,,0 Block of POPE ST,-122.44168923800335,37.71500309739202,POINT (-122.44168923800335 37.71500309739202),58,9,1,7,9,7,6,28861,5,,,,,,,2,,,,,58
16063292715201,160632927,15201,ASSAULT,STALKING,Saturday,08/06/2016,04:30,INGLESIDE,,200 Block of YERBABUENA AV,-122.45983333129537,37.734710834435575,POINT (-122.45983333129537 37.734710834435575),117,9,8,41,9,7,4,59,40,,,,,,,1,,,,,117
17034957604134,170349576,04134,ASSAULT,BATTERY,Friday,04/28/2017,19:40,RICHMOND,"ARREST, BOOKED",3900 Block of GEARY BL,-122.46160368867677,37.78101777885145,POINT (-122.46160368867677 37.78101777885145),5,8,4,11,11,6,2,54,11,,,,,,,1,,,,,5
17090337671000,170903376,71000,NON-CRIMINAL,LOST PROPERTY,Sunday,10/22/2017,14:00,SOUTHERN,,700 Block of MISSION ST,-122.40307000084677,37.78526863090873,POINT (-122.40307000084677 37.78526863090873),32,1,10,8,12,2,9,28853,6,,,,,,4,1,,,,,32
17011601804146,170116018,04146,"SEX OFFENSES, FORCIBLE","SEXUAL ASSAULT, ADMINISTERING DRUG TO COMMIT",Sunday,09/18/2016,17:00,MISSION,,500 Block of UTAH ST,-122.40631157103435,37.76260881181404,POINT (-122.40631157103435 37.76260881181404),54,2,9,20,8,4,8,28859,19,,,,,,15,2,,,,,54
17621157928150,176211579,28150,VANDALISM,"MALICIOUS MISCHIEF, VANDALISM",Monday,08/07/2017,08:00,SOUTHERN,,1000 Block of BRANNAN ST,-122.40734329537294,37.76985682178171,POINT (-122.40734329537294 37.76985682178171),33,1,10,34,8,2,9,28853,34,,,,2,,,2,,,2,,33
16062549964020,160625499,64020,NON-CRIMINAL,"AIDED CASE, MENTAL DISTURBED",Wednesday,08/03/2016,11:22,CENTRAL,,800 Block of GEARY ST,-122.41729532252627,37.7862578545865,POINT (-122.41729532252627 37.7862578545865),50,6,10,36,13,1,9,28858,36,,,,,,,2,,,,,50
16051233509320,160512335,09320,FRAUD,"CREDIT CARD, THEFT BY USE OF",Friday,06/24/2016,13:00,CENTRAL,,1600 Block of THE EMBARCADERONORTH ST,-122.4107742143754,37.80843501758691,POINT (-122.4107742143754 37.80843501758691),99,6,3,23,3,1,10,308,23,,,,,,2,2,,,,,99
16035574316650,160355743,16650,DRUG/NARCOTIC,POSSESSION OF METH-AMPHETAMINE,Sunday,05/01/2016,08:55,TENDERLOIN,"ARREST, BOOKED",LEAVENWORTH ST / TURK ST,-122.41405629189116,37.78279310710062,POINT (-122.41405629189116 37.78279310710062),20,5,10,36,7,10,9,28852,36,17,1,18,1,18,6,2,1,1,1,,20
17102971909320,171029719,09320,FRAUD,"CREDIT CARD, THEFT BY USE OF",Saturday,12/02/2017,22:00,BAYVIEW,,1200 Block of REVERE AV,-122.3836797786156,37.72792085278183,POINT (-122.3836797786156 37.72792085278183),78,2,9,1,10,3,8,58,1,,,,,,,2,,,,,78
17007768609164,170077686,09164,FRAUD,"ACCESS CARD INFORMATION, THEFT OF",Monday,10/31/2016,00:01,CENTRAL,,1500 Block of HYDE ST,-122.41813628789781,37.795032769691524,POINT (-122.41813628789781 37.795032769691524),16,6,3,32,5,1,10,28858,32,,,,,,,1,,,,,16
16097934309024,160979343,09024,OTHER OFFENSES,"FRAUDULENT GAME OR TRICK, OBTAINING MONEY OR PROPERTY",Thursday,10/20/2016,12:00,RICHMOND,,400 Block of 32ND AV,-122.49223326397369,37.78069651453365,POINT (-122.49223326397369 37.78069651453365),8,8,4,29,11,6,2,55,26,,,,,,,2,,,,,8
16602809906244,166028099,06244,LARCENY/THEFT,GRAND THEFT FROM LOCKED AUTO,Sunday,01/31/2016,11:40,PARK,,FELL ST / PIERCE ST,-122.43429441363116,37.77447475485967,POINT (-122.43429441363116 37.77447475485967),26,4,11,9,15,5,11,29492,10,,,,,,,1,,,,,26
16057318306224,160573183,06224,LARCENY/THEFT,GRAND THEFT FROM UNLOCKED AUTO,Saturday,07/16/2016,01:00,SOUTHERN,,200 Block of 11TH ST,-122.41425865114395,37.77197236875788,POINT (-122.41425865114395 37.77197236875788),32,1,10,20,8,2,9,28853,19,,1,,1,,,2,,,1,,32
17619503606244,176195036,06244,LARCENY/THEFT,GRAND THEFT FROM LOCKED AUTO,Thursday,07/27/2017,18:30,NORTHERN,,LOMBARD ST / LARKIN ST,-122.42126135847985,37.80175868680079,POINT (-122.42126135847985 37.801758686800795),107,6,6,32,5,9,1,28858,32,,,,,,,1,,,,,107
18002936028150,180029360,28150,VANDALISM,"MALICIOUS MISCHIEF, VANDALISM",Wednesday,01/10/2018,17:00,PARK,,100 Block of HUGO ST,-122.45942319287145,37.76522525544372,POINT (-122.45942319287145 37.76522525544372),109,7,11,14,15,5,11,56,12,,,,,,,1,,,,,109
17623450906244,176234509,06244,LARCENY/THEFT,GRAND THEFT FROM LOCKED AUTO,Friday,09/08/2017,08:30,BAYVIEW,,VERMONT ST / 16TH ST,-122.40462586823352,37.765958956358745,POINT (-122.40462586823352 37.765958956358745),54,1,9,20,8,3,8,28853,19,,,,2,,15,2,,,2,,54
16051255168020,160512551,68020,OTHER OFFENSES,MISCELLANEOUS INVESTIGATION,Friday,06/24/2016,15:00,TENDERLOIN,,0 Block of TURK ST,-122.40985372994119,37.783386237938174,POINT (-122.40985372994119 37.783386237938174),20,5,10,36,14,10,9,28852,36,17,1,18,,18,6,2,1,1,,,20
17103293827130,171032938,27130,OTHER OFFENSES,POSSESSION OF BURGLARY TOOLS,Friday,12/22/2017,09:54,NORTHERN,"ARREST, BOOKED",ELLIS ST / POLK ST,-122.41936629479697,37.7840280452032,POINT (-122.41936629479697 37.7840280452032),20,4,10,36,7,9,9,28858,36,,,,,,,2,1,1,,,20
17622148706244,176221487,06244,LARCENY/THEFT,GRAND THEFT FROM LOCKED AUTO,Thursday,08/17/2017,10:00,MISSION,,2600 Block of 23RD ST,-122.40596821808626,37.754361274669535,POINT (-122.40596821808626 37.754361274669535),54,3,9,20,10,4,8,28859,19,23,,10,,10,,2,,,,,54
17008584927170,170085849,27170,OTHER OFFENSES,RESISTING ARREST,Tuesday,01/31/2017,09:20,PARK,"ARREST, BOOKED",200 Block of WOODSIDE AV,-122.45423990761294,37.7459562953856,POINT (-122.45423990761294 37.7459562953856),49,7,8,38,1,5,4,59,38,,,,,,,1,,,,,49
17601768406244,176017684,06244,LARCENY/THEFT,GRAND THEFT FROM LOCKED AUTO,Friday,01/20/2017,15:45,NORTHERN,,1100 Block of FILLMORE ST,-122.43211623369466,37.780030435115584,POINT (-122.43211623369466 37.780030435115584),97,4,11,39,15,9,11,29490,41,,,,,,,2,,,,,97
17001952516623,170019525,16623,DRUG/NARCOTIC,POSSESSION OF BASE/ROCK COCAINE FOR SALE,Saturday,01/07/2017,23:50,NORTHERN,"ARREST, BOOKED",2100 Block of LOMBARD ST,-122.43686333760363,37.79961996899933,POINT (-122.43686333760363 37.79961996899933),15,4,6,13,13,9,1,57,17,19,,21,,21,,1,,,,,15
17089965616662,170899656,16662,DRUG/NARCOTIC,POSSESSION OF CONTROLLED SUBSTANCE FOR SALE,Friday,11/03/2017,21:00,TENDERLOIN,"ARREST, BOOKED",0 Block of JONES ST,-122.41219255572126,37.78160457412525,POINT (-122.41219255572126 37.78160457412525),20,5,10,36,7,10,9,28852,36,17,1,18,1,18,6,2,1,1,1,,20
16018418807023,160184188,07023,VEHICLE THEFT,STOLEN MOTORCYCLE,Wednesday,03/02/2016,19:00,SOUTHERN,,500 Block of HOWARD ST,-122.39703243652791,37.78782466943738,POINT (-122.39703243652791 37.78782466943738),32,1,10,8,12,2,9,28855,6,,,,,,3,1,,,,,32
17078960964085,170789609,64085,SUSPICIOUS OCC,INVESTIGATIVE DETENTION,Wednesday,09/27/2017,03:21,MISSION,"ARREST, BOOKED",0 Block of SHOTWELL ST,-122.416696931762,37.76766710632956,POINT (-122.416696931762 37.76766710632956),53,3,2,20,8,4,7,28853,19,12,,14,3,14,,2,,,3,,53
17613508206244,176135082,06244,LARCENY/THEFT,GRAND THEFT FROM LOCKED AUTO,Friday,05/26/2017,10:56,SOUTHERN,,0 Block of 3RD ST,-122.40273950834982,37.78688002787134,POINT (-122.40273950834982 37.78688002787134),32,6,10,8,12,2,9,28853,6,,,,,,4,1,,,,,32
17018694215200,170186942,15200,SECONDARY CODES,DOMESTIC VIOLENCE,Monday,03/06/2017,11:38,PARK,,1400 Block of 7TH AV,-122.46404477780406,37.761316183664064,POINT (-122.46404477780406 37.761316183664064),109,7,11,14,1,5,11,56,12,,,,,,,1,,,,,109
16071040413075,160710404,13075,PROSTITUTION,LOITERING FOR PURPOSE OF PROSTITUTION,Thursday,09/01/2016,20:35,TARAVAL,"ARREST, BOOKED",0 Block of HIGUERA AV,-122.48390412024696,37.71848729872864,POINT (-122.48390412024696 37.71848729872864),42,10,8,16,1,8,4,64,14,,,,,,,2,,,,,42
16900549665010,169005496,65010,OTHER OFFENSES,TRAFFIC VIOLATION ARREST,Thursday,08/11/2016,01:01,TARAVAL,"ARREST, BOOKED",400 Block of WINSTON DR,-122.48120024317045,37.72764523758381,POINT (-122.48120024317045 37.72764523758381),43,10,8,16,1,8,4,64,14,,,,,,,2,,,,,43
16604851406372,166048514,06372,LARCENY/THEFT,PETTY THEFT OF PROPERTY,Tuesday,02/16/2016,19:00,BAYVIEW,,800 Block of MINNESOTA ST,-122.39040000075829,37.75910868259397,POINT (-122.39040000075829 37.75910868259397),55,2,9,26,10,3,8,28856,29,20,,22,,22,14,1,,,,,55
16097550103074,160975501,03074,ROBBERY,"ROBBERY, BODILY FORCE",Wednesday,11/30/2016,21:30,INGLESIDE,,0 Block of HARRINGTON ST,-122.43531377653464,37.72566404936241,POINT (-122.43531377653464 37.725664049362415),94,9,1,28,9,7,6,28861,25,,,,,,,1,,,,,94
17000370028160,170003700,28160,VANDALISM,"MALICIOUS MISCHIEF, VANDALISM OF VEHICLES",Sunday,01/01/2017,22:30,BAYVIEW,,1500 Block of HUDSON AV,-122.38731379987058,37.739568706605056,POINT (-122.38731379987058 37.739568706605056),86,2,9,1,10,3,8,58,1,,,,,,,2,,,,,86
17025171162050,170251711,62050,WARRANTS,ENROUTE TO OUTSIDE JURISDICTION,Monday,03/27/2017,17:51,PARK,"ARREST, BOOKED",700 Block of BUENAVISTAWEST AV,-122.44353954547154,37.76823838521766,POINT (-122.44353954547154 37.76823838521766),112,7,5,3,15,5,5,29492,9,,,,,,,1,,,,31,112
17041965205151,170419652,05151,BURGLARY,"BURGLARY,STORE UNDER CONSTRUCTION, FORCIBLE ENTRY",Saturday,05/20/2017,09:00,CENTRAL,,200 Block of GRANT AV,-122.4052250914965,37.78909775656576,POINT (-122.4052250914965 37.789097756565766),19,6,3,8,5,1,10,28857,6,10,,12,,12,5,2,,,,,19
16101958228160,161019582,28160,VANDALISM,"MALICIOUS MISCHIEF, VANDALISM OF VEHICLES",Thursday,12/15/2016,18:00,BAYVIEW,,EGBERT AV / NEWHALL ST,-122.3992711660984,37.726780922684604,POINT (-122.3992711660984 37.726780922684604),86,2,9,1,10,3,8,58,1,,,,,,,2,,,,,86
17612186506244,176121865,06244,LARCENY/THEFT,GRAND THEFT FROM LOCKED AUTO,Friday,05/12/2017,20:00,NORTHERN,,2100 Block of SACRAMENTO ST,-122.42827492463509,37.79050696984361,POINT (-122.42827492463509 37.79050696984361),102,4,6,30,13,9,1,28858,27,,,,,,,1,,,,,102
18035528465015,180355284,65015,OTHER OFFENSES,TRAFFIC VIOLATION,Saturday,05/12/2018,20:46,TARAVAL,"ARREST, BOOKED",SHIELDS ST / RALSTON ST,-122.46894127208289,37.717893399565206,POINT (-122.46894127208289 37.717893399565206),65,10,1,24,9,8,6,64,24,,,,,,,2,,,,,65
17013347605081,170133476,05081,BURGLARY,"BURGLARY, HOT PROWL, FORCIBLE ENTRY",Thursday,02/16/2017,01:00,TARAVAL,,1500 Block of 26TH AV,-122.48436764407901,37.75854795337969,POINT (-122.48436764407901 37.75854795337969),39,10,7,35,1,8,3,56,35,,,,,,,1,,,,,39
17073029871010,170730298,71010,OTHER OFFENSES,LOST/STOLEN LICENSE PLATE,Monday,09/04/2017,08:00,INGLESIDE,,RIPLEY ST / ALABAMA ST,-122.4103913427189,37.744324307864424,POINT (-122.4103913427189 37.744324307864424),83,9,2,2,2,7,7,28859,2,,,,,,,1,,,,,83
16070788765015,160707887,65015,OTHER OFFENSES,TRAFFIC VIOLATION,Thursday,09/01/2016,00:05,MISSION,"ARREST, BOOKED",21ST ST / SOUTH VAN NESS AV,-122.41672098200384,37.75716778171878,POINT (-122.41672098200384 37.75716778171878),53,3,2,20,2,4,7,28859,19,13,,15,3,15,,2,,,3,,53
16619043828150,166190438,28150,VANDALISM,"MALICIOUS MISCHIEF, VANDALISM",Tuesday,08/16/2016,17:00,MISSION,,ALABAMA ST / 21ST ST,-122.41142519010555,37.7574845297544,POINT (-122.41142519010555 37.7574845297544),53,3,2,20,2,4,7,28859,19,,,,3,,,2,,,3,,53
16029036563010,160290365,63010,WARRANTS,WARRANT ARREST,Friday,04/08/2016,17:55,TENDERLOIN,"ARREST, BOOKED",300 Block of ELLIS ST,-122.41196579522851,37.78491418595622,POINT (-122.41196579522851 37.78491418595622),20,5,10,36,14,10,9,28852,36,17,,18,,18,6,2,1,1,,,20
16049193306303,160491933,06303,LARCENY/THEFT,PETTY THEFT FROM A BUILDING,Monday,06/13/2016,12:45,SOUTHERN,,700 Block of MARKET ST,-122.40391914835712,37.78711609846718,POINT (-122.40391914835712 37.78711609846718),32,5,10,8,12,2,9,28853,6,,,,,,4,1,,,,35,32
16011822828150,160118228,28150,VANDALISM,"MALICIOUS MISCHIEF, VANDALISM",Saturday,01/30/2016,08:00,SOUTHERN,,900 Block of HOWARD ST,-122.40650848700325,37.78033132090649,POINT (-122.40650848700325 37.78033132090649),32,1,10,34,14,2,9,28853,34,,1,,,,7,2,1,1,,,32
17066518406244,170665184,06244,LARCENY/THEFT,GRAND THEFT FROM LOCKED AUTO,Tuesday,08/15/2017,13:30,CENTRAL,,800 Block of THE EMBARCADERONORTH ST,-122.40038746482043,37.80257359916507,POINT (-122.40038746482043 37.80257359916507),77,6,3,8,3,1,10,28860,6,,,,,,,1,,,,,77
17608294406244,176082944,06244,LARCENY/THEFT,GRAND THEFT FROM LOCKED AUTO,Monday,03/27/2017,20:03,NORTHERN,,WEBSTER ST / GEARY BL,-122.43120693207942,37.784568117033594,POINT (-122.43120693207942 37.784568117033594),101,4,11,39,13,9,11,29490,41,8,,9,,9,,2,,,,,101
16070956005041,160709560,05041,BURGLARY,"BURGLARY OF RESIDENCE, FORCIBLE ENTRY",Thursday,09/01/2016,08:30,INGLESIDE,,300 Block of VIENNA ST,-122.42873239314818,37.722821678831835,POINT (-122.42873239314818 37.722821678831835),90,9,1,7,9,7,6,28861,5,,,,,,,2,,,,,90
16097479162050,160974791,62050,WARRANTS,ENROUTE TO OUTSIDE JURISDICTION,Wednesday,11/30/2016,19:42,SOUTHERN,"ARREST, BOOKED",0 Block of UNITEDNATIONS PZ,-122.41431785788087,37.779944405204645,POINT (-122.41431785788087 37.779944405204645),21,5,10,36,7,10,9,28852,36,3,1,3,1,3,6,2,1,1,1,39,21
17602114606244,176021146,06244,LARCENY/THEFT,GRAND THEFT FROM LOCKED AUTO,Friday,01/20/2017,14:00,SOUTHERN,,800 Block of BRYANT ST,-122.40340479147905,37.775420706711,POINT (-122.40340479147905 37.775420706711),32,1,10,34,14,2,9,28853,34,,,,,,,2,,,,,32
17030598204134,170305982,04134,ASSAULT,BATTERY,Friday,04/14/2017,11:49,MISSION,,1700 Block of MISSION ST,-122.41987691713402,37.76957974718961,POINT (-122.41987691713402 37.76957974718962),53,3,2,20,8,4,7,28853,19,,1,,3,,,2,,,3,,53
16025876107021,160258761,07021,VEHICLE THEFT,STOLEN AUTOMOBILE,Monday,03/28/2016,22:00,RICHMOND,,3300 Block of CALIFORNIA ST,-122.44932028250261,37.78699571539022,POINT (-122.44932028250261 37.78699571539022),10,8,6,31,13,6,1,54,31,,,,,,,1,,,,,10
17621475506372,176214755,06372,LARCENY/THEFT,PETTY THEFT OF PROPERTY,Wednesday,08/16/2017,23:55,SOUTHERN,,1000 Block of FOLSOM ST,-122.40720303193814,37.77732839731458,POINT (-122.40720303193814 37.77732839731458),32,1,10,34,14,2,9,28853,34,24,1,6,1,6,,2,,,1,,32
17082284505081,170822845,05081,BURGLARY,"BURGLARY, HOT PROWL, FORCIBLE ENTRY",Sunday,10/08/2017,19:27,INGLESIDE,"ARREST, BOOKED",0 Block of PHELAN AV,-122.45228966049211,37.725693357570286,POINT (-122.45228966049211 37.725693357570286),95,9,8,41,9,7,4,28861,40,,,,,,13,1,,,,,95
17070128315150,170701283,15150,OTHER OFFENSES,VIOLATION OF RESTRAINING ORDER,Monday,08/28/2017,12:35,MISSION,,26TH ST / MISSION ST,-122.41813729050082,37.74904130936335,POINT (-122.41813729050082 37.74904130936335),53,3,2,20,2,4,7,28859,19,,,,3,,,2,,,3,,53
16070628728150,160706287,28150,VANDALISM,"MALICIOUS MISCHIEF, VANDALISM",Wednesday,08/31/2016,14:20,TARAVAL,,2200 Block of 45TH AV,-122.5038146762634,37.74459961456251,POINT (-122.5038146762634 37.74459961456251),39,10,7,35,1,8,3,29491,35,,,,,,,1,,,,,39
16019433127170,160194331,27170,OTHER OFFENSES,RESISTING ARREST,Sunday,03/06/2016,17:40,SOUTHERN,"ARREST, BOOKED",1000 Block of MARKET ST,-122.41107142306448,37.7817511307229,POINT (-122.41107142306448 37.7817511307229),20,5,10,36,14,2,9,28852,36,17,1,18,1,18,6,2,1,1,1,35,20
17613963606244,176139636,06244,LARCENY/THEFT,GRAND THEFT FROM LOCKED AUTO,Wednesday,05/31/2017,18:30,NORTHERN,,PIERCE ST / CHESTNUT ST,-122.43950494479694,37.8004024933613,POINT (-122.43950494479694 37.8004024933613),17,4,6,13,13,9,1,57,17,19,,21,,21,,1,,,,,17
16028934609320,160289346,09320,FRAUD,"CREDIT CARD, THEFT BY USE OF",Thursday,04/07/2016,12:10,SOUTHERN,,0 Block of THE EMBARCADERONORTH ST,-122.3883798739193,37.783310406701474,POINT (-122.3883798739193 37.783310406701474),31,1,10,8,6,2,9,28856,6,,,,,,,1,,,,,31
17090681964020,170906819,64020,NON-CRIMINAL,"AIDED CASE, MENTAL DISTURBED",Monday,11/06/2017,16:53,PARK,,1400 Block of 7TH AV,-122.46404477780406,37.761316183664064,POINT (-122.46404477780406 37.761316183664064),109,7,11,14,1,5,11,56,12,,,,,,,1,,,,,109
16086248106243,160862481,06243,LARCENY/THEFT,PETTY THEFT FROM LOCKED AUTO,Saturday,10/22/2016,18:00,CENTRAL,,SUTTER ST / MONTGOMERY ST,-122.40219403089407,37.79003912996671,POINT (-122.40219403089407 37.790039129966715),19,6,3,8,4,1,10,28854,6,10,,12,,,,2,,,,,19
17608678606244,176086786,06244,LARCENY/THEFT,GRAND THEFT FROM LOCKED AUTO,Thursday,03/30/2017,18:00,MISSION,,100 Block of DUBOCE AV,-122.42351010283606,37.7698540564183,POINT (-122.42351010283606 37.7698540564183),27,3,5,20,8,4,5,28853,19,,,,,,,2,,,,,27
16055139916010,160551399,16010,DRUG/NARCOTIC,POSSESSION OF MARIJUANA,Friday,07/08/2016,08:00,MISSION,"ARREST, BOOKED",0 Block of ALBION ST,-122.42326589360349,37.765649515945,POINT (-122.42326589360349 37.765649515945),37,3,5,20,8,4,5,28853,19,,,,,,,2,,,,,37
16059797304134,160597973,04134,ASSAULT,BATTERY,Monday,07/25/2016,07:11,MISSION,,200 Block of POTRERO AV,-122.4075392864887,37.76642522621931,POINT (-122.4075392864887 37.76642522621931),33,3,9,20,8,4,8,28853,19,,,,3,,,2,,,3,,33
17601600606372,176016006,06372,LARCENY/THEFT,PETTY THEFT OF PROPERTY,Monday,01/16/2017,14:35,NORTHERN,,GEARY ST / VANNESS AV,-122.4213958191147,37.78568433894721,POINT (-122.4213958191147 37.78568433894721),100,4,11,39,13,9,11,28858,41,,,,,,10,1,,,,,100
16101765507026,161017655,07026,VEHICLE THEFT,STOLEN MISCELLANEOUS VEHICLE,Wednesday,12/14/2016,23:00,BAYVIEW,,300 Block of TOLAND ST,-122.39812726344613,37.744685147479274,POINT (-122.39812726344613 37.744685147479274),85,2,9,1,10,3,8,58,1,,,,,,,1,,,,,85
18004592405053,180045924,05053,BURGLARY,"BURGLARY OF STORE, UNLAWFUL ENTRY",Thursday,01/18/2018,03:45,CENTRAL,"ARREST, BOOKED",400 Block of POWELL ST,-122.40843186105724,37.788777271915315,POINT (-122.40843186105724 37.788777271915315),19,6,3,8,5,1,10,28852,6,10,,12,,12,5,2,,,,,19
17095412505083,170954125,05083,BURGLARY,"BURGLARY, HOT PROWL, UNLAWFUL ENTRY",Friday,11/24/2017,05:00,MISSION,,400 Block of UTAH ST,-122.40643516818876,37.76388420887903,POINT (-122.40643516818876 37.76388420887903),54,3,9,20,8,4,8,28859,19,,,,,,15,2,,,,,54
18003013568020,180030135,68020,OTHER OFFENSES,MISCELLANEOUS INVESTIGATION,Thursday,01/11/2018,16:50,INGLESIDE,,0 Block of SGTJOHNVYOUNG LN,-122.44470706345523,37.72493072679362,POINT (-122.44470706345523 37.72493072679362),94,9,1,28,9,7,6,28861,25,,,,,,,1,,,,70,94
18026514464020,180265144,64020,NON-CRIMINAL,"AIDED CASE, MENTAL DISTURBED",Tuesday,04/10/2018,15:34,CENTRAL,,0 Block of CALIFORNIA ST,-122.39701034779809,37.79364042346887,POINT (-122.39701034779809 37.79364042346887),108,6,3,8,4,1,10,28860,6,,,,,,,2,,,,,108
17627515506244,176275155,06244,LARCENY/THEFT,GRAND THEFT FROM LOCKED AUTO,Monday,10/23/2017,20:10,MISSION,,1500 Block of SOUTH VAN NESS AV,-122.41583886146799,37.74868711960938,POINT (-122.41583886146799 37.74868711960938),53,3,2,20,2,4,7,28859,19,,,,3,,,2,,,3,,53
17621619306244,176216193,06244,LARCENY/THEFT,GRAND THEFT FROM LOCKED AUTO,Saturday,08/19/2017,12:30,TARAVAL,,SLOAT BL / 41ST AV,-122.49919486270943,37.73431075462907,POINT (-122.49919486270943 37.73431075462907),43,10,8,16,1,8,4,64,14,,,,,,,2,,,,,43
16005396963010,160053969,63010,WARRANTS,WARRANT ARREST,Tuesday,01/19/2016,19:38,SOUTHERN,"ARREST, BOOKED",MINNA ST / 8TH ST,-122.4126202580058,37.77702592717966,POINT (-122.4126202580058 37.77702592717966),32,1,10,34,8,2,9,28853,34,24,1,6,1,6,,2,1,1,1,,32
16006159228150,160061592,28150,VANDALISM,"MALICIOUS MISCHIEF, VANDALISM",Wednesday,01/20/2016,08:00,MISSION,,1300 Block of MINNA ST,-122.41907786565372,37.76750804441545,POINT (-122.41907786565372 37.76750804441545),53,3,2,20,8,4,7,28853,19,12,,14,3,14,,2,,,3,,53
17063360863010,170633608,63010,WARRANTS,WARRANT ARREST,Friday,08/04/2017,11:01,INGLESIDE,"ARREST, BOOKED",1800 Block of SUNNYDALE AV,-122.41714480239858,37.7121502932531,POINT (-122.41714480239858 37.7121502932531),74,9,9,40,9,7,8,309,39,14,,16,,16,,2,,,,,74
16056117272000,160561172,72000,NON-CRIMINAL,FOUND PROPERTY,Monday,07/11/2016,21:17,CENTRAL,,BAY ST / COLUMBUS AV,-122.41689153662242,37.805211231608105,POINT (-122.41689153662242 37.805211231608105),106,6,3,32,5,1,10,308,32,,,,,,,1,,,,,106
17059566628150,170595666,28150,VANDALISM,"MALICIOUS MISCHIEF, VANDALISM",Saturday,07/22/2017,05:49,NORTHERN,,400 Block of HAYES ST,-122.42374966942934,37.77672943291905,POINT (-122.42374966942934 37.77672943291905),22,4,11,9,7,9,11,28852,10,,,,,,,1,,,,,22
17606831406372,176068314,06372,LARCENY/THEFT,PETTY THEFT OF PROPERTY,Friday,02/10/2017,11:30,INGLESIDE,,200 Block of CHENERY ST,-122.42587751495255,37.73860564154104,POINT (-122.42587751495255 37.73860564154104),59,9,5,10,2,7,5,63,7,,,,,,,1,,,,,59
17097158375000,170971583,75000,MISSING PERSON,FOUND PERSON,Wednesday,11/29/2017,08:00,NORTHERN,,500 Block of GROVE ST,-122.42563513664572,37.77743877641479,POINT (-122.42563513664572 37.77743877641479),22,4,11,9,7,9,11,28852,10,,,,,,,1,,,,,22
17085185007025,170851850,07025,VEHICLE THEFT,STOLEN TRUCK,Tuesday,10/17/2017,18:50,INGLESIDE,"ARREST, BOOKED",200 Block of BELLAVISTA WY,-122.45085433971131,37.737176886162885,POINT (-122.45085433971131 37.737176886162885),72,9,8,41,9,7,4,59,40,,,,,,,1,,,,,72
17090286775000,170902867,75000,MISSING PERSON,FOUND PERSON,Saturday,11/04/2017,21:30,SOUTHERN,,800 Block of BRYANT ST,-122.40340479147905,37.775420706711,POINT (-122.40340479147905 37.775420706711),32,1,10,34,14,2,9,28853,34,,,,,,,2,,,,,32
16038464530210,160384645,30210,OTHER OFFENSES,VIOLATION OF PARK CODE,Wednesday,05/11/2016,07:11,RICHMOND,"ARREST, BOOKED",1000 Block of GREAT HY,-122.51022574905221,37.767244220961615,POINT (-122.51022574905221 37.767244220961615),9,8,4,12,11,6,2,55,8,,,,,,,1,,,,,9
17600832606372,176008326,06372,LARCENY/THEFT,PETTY THEFT OF PROPERTY,Thursday,01/05/2017,21:50,SOUTHERN,,RAUSCH ST / HOWARD ST,-122.41050745826787,37.777093148952495,POINT (-122.41050745826787 37.777093148952495),32,1,10,34,8,2,9,28853,34,24,1,6,1,6,,2,1,1,1,,32
17094545307055,170945453,07055,RECOVERED VEHICLE,RECOVERED VEHICLE - STOLEN OUTSIDE SF,Monday,11/20/2017,19:48,SOUTHERN,,HARRISON ST / 6TH ST,-122.40407161140638,37.77727418543535,POINT (-122.40407161140638 37.77727418543535),32,1,10,34,14,2,9,28856,34,24,,6,,6,,2,,,,,32
16087994706303,160879947,06303,LARCENY/THEFT,PETTY THEFT FROM A BUILDING,Monday,10/24/2016,12:00,SOUTHERN,,200 Block of BRANNAN ST,-122.39054934937575,37.78297619615726,POINT (-122.39054934937575 37.78297619615726),31,1,10,8,6,2,9,28856,6,,,,,,,1,,,,,31
16097648064070,160976480,64070,SUSPICIOUS OCC,SUSPICIOUS OCCURRENCE,Tuesday,11/22/2016,03:45,RICHMOND,,800 Block of 28TH AV,-122.48739572412802,37.77334183828039,POINT (-122.48739572412802 37.77334183828039),8,8,4,29,11,6,2,55,26,,,,,,,1,,,,,8
16104284004062,161042840,04062,ASSAULT,MAYHEM WITH A KNIFE,Friday,12/23/2016,23:09,INGLESIDE,"ARREST, BOOKED",2400 Block of BAY SHORE BL,-122.40407963362699,37.71085551777752,POINT (-122.40407963362699 37.71085551777752),75,9,9,40,9,7,8,309,39,,,,,,,2,,,,,75
17900121804138,179001218,04138,ASSAULT,"BATTERY, FORMER SPOUSE OR DATING RELATIONSHIP",Thursday,12/15/2016,12:27,NORTHERN,,400 Block of MCALLISTER ST,-122.4194481852237,37.780209189428085,POINT (-122.4194481852237 37.780209189428085),21,4,10,36,7,9,9,28852,36,,1,,1,,8,2,1,1,1,,21
16070411206314,160704112,06314,LARCENY/THEFT,GRAND THEFT BICYCLE,Tuesday,08/30/2016,17:30,SOUTHERN,,0 Block of MARKET ST,-122.39509777418073,37.79405904855615,POINT (-122.39509777418073 37.79405904855615),108,6,10,8,12,2,9,28855,6,,,,,,,1,,,,,108
17089523406303,170895234,06303,LARCENY/THEFT,PETTY THEFT FROM A BUILDING,Thursday,11/02/2017,10:00,NORTHERN,,2000 Block of VANNESS AV,-122.42331066452134,37.7943634859292,POINT (-122.42331066452134 37.7943634859292),102,4,6,30,13,9,1,28858,27,,,,,,,1,,,,,102
16630750828150,166307508,28150,VANDALISM,"MALICIOUS MISCHIEF, VANDALISM",Wednesday,12/21/2016,21:00,INGLESIDE,,100 Block of RIPLEY ST,-122.41231374098008,37.744153388672494,POINT (-122.41231374098008 37.744153388672494),83,9,2,2,2,7,7,28859,2,,,,,,,1,,,,,83
16087094561030,160870945,61030,NON-CRIMINAL,"DEATH REPORT, CAUSE UNKNOWN",Tuesday,10/25/2016,16:00,CENTRAL,,800 Block of GEARY ST,-122.41727334493899,37.78614939475943,POINT (-122.41727334493899 37.78614939475943),20,6,10,36,13,1,9,28858,36,,,,,,,2,1,1,,,20
16089663461040,160896634,61040,NON-CRIMINAL,"DEATH REPORT, NATURAL CAUSES",Thursday,11/03/2016,17:56,MISSION,,2500 Block of MISSION ST,-122.4188918109863,37.756216662721634,POINT (-122.4188918109863 37.756216662721634),53,3,2,20,2,4,7,28859,19,,,,3,,,2,,,3,,53
16624130406244,166241304,06244,LARCENY/THEFT,GRAND THEFT FROM LOCKED AUTO,Saturday,10/08/2016,12:00,INGLESIDE,,2900 Block of DIAMOND ST,-122.4342292004742,37.73301995227099,POINT (-122.4342292004742 37.73301995227099),96,9,5,41,9,7,5,63,40,15,,17,,17,,1,,,,77,96
16102241674000,161022416,74000,MISSING PERSON,MISSING ADULT,Friday,12/16/2016,19:00,SOUTHERN,,0 Block of DORE ST,-122.41304597196554,37.77386177716113,POINT (-122.41304597196554 37.77386177716113),32,1,10,34,8,2,9,28853,34,,1,,1,,,2,,,1,,32
16627455971000,166274559,71000,NON-CRIMINAL,LOST PROPERTY,Thursday,11/17/2016,15:30,INGLESIDE,,0 Block of DELTA ST,-122.40706145202387,37.71813439237091,POINT (-122.40706145202387 37.71813439237091),75,9,9,40,10,7,8,309,39,,,,,,,2,,,,,75
16096502928150,160965029,28150,VANDALISM,"MALICIOUS MISCHIEF, VANDALISM",Sunday,11/27/2016,14:46,MISSION,"ARREST, BOOKED",4200 Block of 24TH ST,-122.43741229190175,37.751142007954904,POINT (-122.43741229190175 37.751142007954904),84,3,5,22,2,4,5,28862,22,,,,,,12,1,,,,,84
16028536603074,160285366,03074,ROBBERY,"ROBBERY, BODILY FORCE",Wednesday,04/06/2016,22:58,TENDERLOIN,"ARREST, BOOKED",JONES ST / GOLDEN GATE AV,-122.4122241647361,37.78207293120293,POINT (-122.4122241647361 37.78207293120294),20,5,10,36,7,10,9,28852,36,17,1,18,1,18,6,2,1,1,1,,20
18005351328136,180053513,28136,OTHER OFFENSES,"PHONE CALLS, HARASSING, TO 911",Saturday,01/20/2018,23:05,SOUTHERN,,1200 Block of MARKET ST,-122.41544875956173,37.778293520129026,POINT (-122.41544875956173 37.778293520129026),21,5,10,36,7,2,9,28852,36,,1,,1,,7,2,1,1,1,35,21
16629188206372,166291882,06372,LARCENY/THEFT,PETTY THEFT OF PROPERTY,Sunday,12/11/2016,16:00,TARAVAL,,300 Block of EUCALYPTUS DR,-122.47638390485072,37.73105364237831,POINT (-122.47638390485072 37.73105364237831),41,10,8,16,1,8,4,64,14,,,,,,,2,,,,,41
17610097228150,176100972,28150,VANDALISM,"MALICIOUS MISCHIEF, VANDALISM",Monday,04/17/2017,21:45,NORTHERN,,700 Block of OAK ST,-122.43167344719728,37.77392044248759,POINT (-122.43167344719728 37.77392044248759),26,4,11,9,15,9,11,29492,10,,,,,,,1,,,,,26
16018861315200,160188613,15200,SECONDARY CODES,DOMESTIC VIOLENCE,Wednesday,03/02/2016,23:15,SOUTHERN,,800 Block of BRYANT ST,-122.40340479147905,37.775420706711,POINT (-122.40340479147905 37.775420706711),32,1,10,34,14,2,9,28853,34,,,,,,,2,,,,,32
16012422563010,160124225,63010,WARRANTS,WARRANT ARREST,Thursday,02/11/2016,10:01,NORTHERN,"ARREST, BOOKED",WILLOW ST / POLK ST,-122.41927480144886,37.78356805352074,POINT (-122.41927480144886 37.78356805352074),20,4,10,36,7,9,9,28858,36,,,,,,,2,1,1,,,20
17089484464085,170894844,64085,SUSPICIOUS OCC,INVESTIGATIVE DETENTION,Thursday,11/02/2017,07:45,TENDERLOIN,,400 Block of OFARRELL ST,-122.41174251558179,37.78588821951059,POINT (-122.41174251558179 37.78588821951059),20,5,10,36,14,10,9,28852,36,,,,,,6,2,1,1,,,20
17624456406244,176244564,06244,LARCENY/THEFT,GRAND THEFT FROM LOCKED AUTO,Saturday,09/23/2017,00:01,MISSION,,100 Block of UTAH ST,-122.40666763740835,37.76777047915387,POINT (-122.40666763740835 37.76777047915387),33,3,9,20,8,4,8,28853,19,,,,2,,,2,,,2,,33
16038578463010,160385784,63010,WARRANTS,WARRANT ARREST,Wednesday,05/11/2016,11:25,MISSION,"ARREST, BOOKED",3800 Block of 23RD ST,-122.42786906162154,37.753219576329286,POINT (-122.42786906162154 37.753219576329286),84,3,5,22,2,4,5,28862,22,,,,,,,1,,,,,84
16011316564020,160113165,64020,NON-CRIMINAL,"AIDED CASE, MENTAL DISTURBED",Sunday,02/07/2016,18:23,MISSION,UNFOUNDED,2000 Block of MARKET ST,-122.42695563170949,37.769247063207025,POINT (-122.42695563170949 37.769247063207025),28,3,5,5,7,4,5,28862,3,18,,20,5,20,9,1,,,5,,28
17067103407055,170671034,07055,RECOVERED VEHICLE,RECOVERED VEHICLE - STOLEN OUTSIDE SF,Saturday,06/17/2017,18:20,RICHMOND,,CLEMENT ST / 34TH AV,-122.49452110947227,37.781574671889594,POINT (-122.49452110947227 37.781574671889594),8,8,4,29,11,6,2,55,26,,,,,,,1,,,,,8
16022314051040,160223140,51040,NON-CRIMINAL,AIDED CASE,Thursday,03/17/2016,00:50,TENDERLOIN,,100 Block of TURK ST,-122.41161507540771,37.78316141093946,POINT (-122.41161507540771 37.78316141093946),20,5,10,36,14,10,9,28852,36,17,1,18,1,18,6,2,1,1,1,,20
17082822964070,170828229,64070,SUSPICIOUS OCC,SUSPICIOUS OCCURRENCE,Wednesday,09/27/2017,00:58,CENTRAL,,100 Block of CALIFORNIA ST,-122.39821721888966,37.79348664990497,POINT (-122.39821721888966 37.79348664990497),108,6,3,8,4,1,10,28860,6,,,,,,,2,,,,,108
17043734706244,170437347,06244,LARCENY/THEFT,GRAND THEFT FROM LOCKED AUTO,Sunday,05/28/2017,10:00,SOUTHERN,,800 Block of BRYANT ST,-122.40340479147905,37.775420706711,POINT (-122.40340479147905 37.775420706711),32,1,10,34,14,2,9,28853,34,,,,,,,2,,,,,32
17069132709150,170691327,09150,FORGERY/COUNTERFEITING,"FORGERY, NOTES",Tuesday,08/15/2017,13:37,RICHMOND,,3100 Block of BALBOA ST,-122.4925082689899,37.77587998753857,POINT (-122.4925082689899 37.77587998753857),8,8,4,29,11,6,2,55,26,,,,,,,1,,,,,8
16071090962050,160710909,62050,WARRANTS,ENROUTE TO OUTSIDE JURISDICTION,Friday,09/02/2016,00:32,MISSION,"ARREST, BOOKED",SOUTH VAN NESS AV / 18TH ST,-122.41718044863461,37.76196742181023,POINT (-122.41718044863461 37.76196742181023),53,3,2,20,2,4,7,28859,19,13,,15,3,15,,2,,,3,,53
16058169772000,160581697,72000,NON-CRIMINAL,FOUND PROPERTY,Tuesday,07/19/2016,11:50,TENDERLOIN,,300 Block of EDDY ST,-122.4129305220591,37.783834437414136,POINT (-122.4129305220591 37.78383443741414),20,5,10,36,7,10,9,28852,36,17,1,18,,18,6,2,1,1,,,20
17097475372000,170974753,72000,NON-CRIMINAL,FOUND PROPERTY,Friday,12/01/2017,14:52,CENTRAL,,BEACH ST / POLK ST,-122.42384881372992,37.80622142699113,POINT (-122.42384881372992 37.80622142699113),98,6,6,32,5,1,1,28858,32,,,,,,,1,,,,,98
16030791026063,160307910,26063,BRIBERY,"DISSUADING WITNESS, VICTIM",Thursday,04/14/2016,18:35,BAYVIEW,"ARREST, BOOKED",700 Block of MISSOURI ST,-122.39589160223125,37.75723746835824,POINT (-122.39589160223125 37.75723746835824),54,2,9,26,10,3,8,28856,29,,,,,,,2,,,,,54
16610719806244,166107198,06244,LARCENY/THEFT,GRAND THEFT FROM LOCKED AUTO,Tuesday,05/10/2016,13:30,TENDERLOIN,,100 Block of FULTON ST,-122.41597398036156,37.77973879184989,POINT (-122.41597398036156 37.77973879184989),21,5,10,36,7,10,9,28852,36,,1,,1,,8,2,1,1,1,39,21
16063539105153,160635391,05153,BURGLARY,"BURGLARY,STORE UNDER CONSTRUCTION, UNLAWFUL ENTRY",Sunday,08/07/2016,03:56,NORTHERN,,300 Block of LINDEN ST,-122.42358031631503,37.77627127658965,POINT (-122.42358031631503 37.77627127658965),22,4,11,9,7,9,11,28852,10,,,,,,,1,,,,,22
16054845919057,160548459,19057,ASSAULT,THREATS AGAINST LIFE,Thursday,07/07/2016,06:40,SOUTHERN,"ARREST, BOOKED",7TH ST / CLEVELAND ST,-122.40729291990229,37.77630464594127,POINT (-122.40729291990229 37.77630464594127),32,1,10,34,8,2,9,28853,34,24,,6,,6,,2,,,,,32
17066463103414,170664631,03414,ROBBERY,ATTEMPTED ROBBERY ON THE STREET WITH BODILY FORCE,Tuesday,08/15/2017,13:15,MISSION,,16TH ST / POTRERO AV,-122.40753833231899,37.765782754427605,POINT (-122.40753833231899 37.765782754427605),53,3,9,20,8,4,8,28853,19,,,,3,,,2,,,3,,53
16061357971000,160613579,71000,NON-CRIMINAL,LOST PROPERTY,Saturday,07/30/2016,10:10,SOUTHERN,,STEUART ST / MISSION ST,-122.39318585166615,37.79323041360541,POINT (-122.39318585166615 37.79323041360541),108,1,10,8,12,2,9,28855,6,,,,4,,,1,,,4,,108
17628994606244,176289946,06244,LARCENY/THEFT,GRAND THEFT FROM LOCKED AUTO,Wednesday,11/08/2017,11:30,CENTRAL,,1300 Block of COLUMBUS AV,-122.41923213173848,37.806474079142724,POINT (-122.41923213173848 37.806474079142724),99,6,6,32,5,1,1,28858,32,,,,,,2,1,,,,,99
16049498704134,160494987,04134,ASSAULT,BATTERY,Saturday,06/18/2016,10:00,INGLESIDE,"ARREST, BOOKED",1100 Block of MUNICH ST,-122.43611598055422,37.710693090466364,POINT (-122.43611598055422 37.71069309046637),58,9,1,7,9,7,6,28861,5,,,,,,,2,,,,,58
16098786364020,160987863,64020,NON-CRIMINAL,"AIDED CASE, MENTAL DISTURBED",Monday,12/05/2016,11:41,CENTRAL,,LARKIN ST / BUSH ST,-122.41865829482943,37.78890983994209,POINT (-122.41865829482943 37.78890983994209),50,6,3,21,13,9,10,28858,21,,,,,,,1,,,,,50
18026399464020,180263994,64020,NON-CRIMINAL,"AIDED CASE, MENTAL DISTURBED",Tuesday,04/10/2018,09:11,CENTRAL,,SANSOME ST / BUSH ST,-122.40074863191107,37.791177679222386,POINT (-122.40074863191107 37.791177679222386),108,6,3,8,4,1,10,28854,6,,,,,,,2,,,,,108
16042933206242,160429332,06242,LARCENY/THEFT,PETTY THEFT FROM LOCKED AUTO,Wednesday,05/25/2016,14:30,INGLESIDE,,ALEMANY BL / SENECA AV,-122.44131700132218,37.71863484025328,POINT (-122.44131700132218 37.71863484025328),80,9,1,28,9,7,6,28861,25,,,,,,,2,,,,,80
18011471727130,180114717,27130,OTHER OFFENSES,POSSESSION OF BURGLARY TOOLS,Monday,02/12/2018,09:59,TENDERLOIN,"ARREST, BOOKED",HYDE ST / GOLDEN GATE AV,-122.41550824278183,37.78165428060756,POINT (-122.41550824278183 37.78165428060756),21,5,10,36,7,10,9,28852,36,17,1,18,1,18,6,2,1,1,1,,21
17612334406244,176123344,06244,LARCENY/THEFT,GRAND THEFT FROM LOCKED AUTO,Friday,05/12/2017,19:20,SOUTHERN,,HARRISON ST / 4TH ST,-122.39961755878232,37.7807906550067,POINT (-122.39961755878232 37.7807906550067),32,1,10,34,6,2,9,28856,34,,,,,,4,2,,,,,32
16061589807041,160615898,07041,RECOVERED VEHICLE,"VEHICLE, RECOVERED, AUTO",Sunday,07/31/2016,09:53,SOUTHERN,,11TH ST / FOLSOM ST,-122.4140272626904,37.77186361771543,POINT (-122.4140272626904 37.77186361771543),32,1,10,20,8,2,9,28853,19,,1,,1,,,2,,,1,,32
17618214628150,176182146,28150,VANDALISM,"MALICIOUS MISCHIEF, VANDALISM",Friday,07/14/2017,18:00,NORTHERN,,2800 Block of UNION ST,-122.44616568976495,37.79578609559908,POINT (-122.44616568976495 37.79578609559908),14,4,6,13,13,9,1,57,17,,,,,,,1,,,,,14
17016887115200,170168871,15200,SECONDARY CODES,DOMESTIC VIOLENCE,Sunday,02/26/2017,06:30,MISSION,,26TH ST / LILAC ST,-122.41756735557077,37.74907530710084,POINT (-122.41756735557077 37.74907530710084),53,3,2,20,2,4,7,28859,19,,,,3,,,2,,,3,,53
16102579915300,161025799,15300,SECONDARY CODES,PREJUDICE-BASED INCIDENT,Saturday,12/17/2016,23:00,NORTHERN,,1100 Block of FRANKLIN ST,-122.4230490381722,37.7852397067254,POINT (-122.4230490381722 37.7852397067254),100,4,11,39,13,9,11,28858,41,,,,,,,1,,,,,100
17094423963010,170944239,63010,WARRANTS,WARRANT ARREST,Monday,11/20/2017,12:19,TARAVAL,"ARREST, BOOKED",200 Block of WINSTON DR,-122.4754918227077,37.72683083829917,POINT (-122.4754918227077 37.72683083829917),41,10,8,16,1,8,4,64,14,,,,,,,2,,,,,41
17007442264020,170074422,64020,NON-CRIMINAL,"AIDED CASE, MENTAL DISTURBED",Friday,01/27/2017,11:43,CENTRAL,,600 Block of BUSH ST,-122.40768958150248,37.790242389274205,POINT (-122.40768958150248 37.790242389274205),19,6,3,8,5,1,10,28857,6,,,,,,5,2,,,,,19
17102272906314,171022729,06314,LARCENY/THEFT,GRAND THEFT BICYCLE,Tuesday,11/21/2017,09:00,MISSION,,200 Block of VALENCIA ST,-122.42235041138821,37.768992823432946,POINT (-122.42235041138821 37.768992823432946),37,3,5,20,8,4,5,28853,19,,,,3,,,2,,,3,,37
16066243503074,160662435,03074,ROBBERY,"ROBBERY, BODILY FORCE",Tuesday,08/16/2016,22:05,SOUTHERN,,MINNA ST / 6TH ST,-122.40816295385729,37.780534538527796,POINT (-122.40816295385729 37.780534538527796),32,1,10,34,14,2,9,28853,34,24,1,6,1,6,7,2,1,1,1,,32
16004878805013,160048788,05013,BURGLARY,"BURGLARY OF APARTMENT HOUSE, UNLAWFUL ENTRY",Saturday,01/09/2016,17:00,NORTHERN,,700 Block of GOUGH ST,-122.42356963581217,37.78016030486858,POINT (-122.42356963581217 37.78016030486858),21,4,11,39,7,9,11,28852,41,,1,,1,,,2,,,1,,21
17103009561040,171030095,61040,NON-CRIMINAL,"DEATH REPORT, NATURAL CAUSES",Thursday,12/21/2017,11:20,NORTHERN,,1500 Block of BAY ST,-122.43253044394027,37.80321403286643,POINT (-122.43253044394027 37.80321403286643),17,4,6,13,13,9,1,57,17,,,,,,,1,,,,,17
16075199762050,160751997,62050,WARRANTS,ENROUTE TO OUTSIDE JURISDICTION,Friday,09/16/2016,10:00,CENTRAL,,300 Block of POST ST,-122.40759109107344,37.78834011871014,POINT (-122.40759109107344 37.78834011871014),19,6,3,8,5,1,10,28852,6,10,,12,,12,5,2,,,,,19
16068900309029,160689003,09029,OTHER OFFENSES,FALSE PERSONATION TO RECEIVE MONEY OR PROPERTY,Monday,08/15/2016,12:00,NORTHERN,,2600 Block of FILLMORE ST,-122.43489662013876,37.7938067742445,POINT (-122.43489662013876 37.7938067742445),102,4,6,30,13,9,1,29490,27,,,,,,,1,,,,,102
16099586664070,160995866,64070,SUSPICIOUS OCC,SUSPICIOUS OCCURRENCE,Saturday,10/08/2016,12:00,CENTRAL,,900 Block of CLAY ST,-122.40830087344979,37.79395408721481,POINT (-122.40830087344979 37.79395408721481),16,6,3,6,3,1,10,28857,4,5,,5,,5,,2,,,,,16
16091836364070,160918363,64070,SUSPICIOUS OCC,SUSPICIOUS OCCURRENCE,Friday,11/11/2016,08:31,NORTHERN,,1800 Block of JACKSON ST,-122.42554140157225,37.793673841081215,POINT (-122.42554140157225 37.793673841081215),102,4,6,30,13,9,1,28858,27,,,,,,,1,,,,,102
17632525506244,176325255,06244,LARCENY/THEFT,GRAND THEFT FROM LOCKED AUTO,Thursday,12/14/2017,13:00,NORTHERN,,300 Block of MCALLISTER ST,-122.4177779326192,37.78030898934026,POINT (-122.4177779326192 37.78030898934026),21,4,10,36,7,9,9,28852,36,,1,,1,,8,2,1,1,1,39,21
17085771706301,170857717,06301,LARCENY/THEFT,PETTY THEFT FROM A BUILDING,Thursday,10/19/2017,10:00,NORTHERN,,1600 Block of GOUGH ST,-122.4253084062224,37.7887741717139,POINT (-122.4253084062224 37.7887741717139),100,4,6,39,13,9,1,28858,41,,,,,,,1,,,,,100
16016921506244,160169215,06244,LARCENY/THEFT,GRAND THEFT FROM LOCKED AUTO,Friday,02/26/2016,15:30,CENTRAL,,800 Block of NORTHPOINT ST,-122.4212153848267,37.80566044132719,POINT (-122.4212153848267 37.80566044132719),98,6,6,32,5,1,1,28858,32,,,,,,,1,,,,,98
16071374365016,160713743,65016,OTHER OFFENSES,"DRIVERS LICENSE, SUSPENDED OR REVOKED",Friday,09/02/2016,20:38,SOUTHERN,"ARREST, BOOKED",400 Block of 10TH ST,-122.41054116698672,37.77091305661651,POINT (-122.41054116698672 37.77091305661651),32,1,10,34,8,2,9,28853,34,,,,,,,2,,,,,32
16034619072000,160346190,72000,NON-CRIMINAL,FOUND PROPERTY,Wednesday,04/27/2016,22:00,SOUTHERN,,4TH ST / STEVENSON ST,-122.40523869998846,37.78526530246708,POINT (-122.40523869998846 37.78526530246708),32,5,10,34,12,2,9,28853,34,17,,18,,18,4,2,,,,,32
17001715906244,170017159,06244,LARCENY/THEFT,GRAND THEFT FROM LOCKED AUTO,Friday,01/06/2017,22:45,SOUTHERN,,500 Block of MISSION ST,-122.39891258187535,37.78862873206535,POINT (-122.39891258187535 37.78862873206535),32,1,10,8,12,2,9,28855,6,,,,,,3,1,,,,,32
16606328306244,166063283,06244,LARCENY/THEFT,GRAND THEFT FROM LOCKED AUTO,Wednesday,03/16/2016,00:04,NORTHERN,,CALIFORNIA ST / STEINER ST,-122.43548862411889,37.78869519905431,POINT (-122.43548862411889 37.78869519905431),103,4,6,30,13,9,1,29490,27,,,,,,,1,,,,,103
17100302006244,171003020,06244,LARCENY/THEFT,GRAND THEFT FROM LOCKED AUTO,Monday,12/11/2017,20:00,RICHMOND,,19TH AV / GEARY BL,-122.47830550328678,37.780381016960185,POINT (-122.47830550328678 37.780381016960185),,8,4,29,11,6,2,55,26,,,,,,,1,,,,,
17012527926170,170125279,26170,OTHER OFFENSES,PROBATION VIOLATION,Monday,02/13/2017,12:37,MISSION,"ARREST, BOOKED",3300 Block of 18TH ST,-122.41882054233565,37.76192348010788,POINT (-122.41882054233565 37.76192348010788),53,3,2,20,8,4,7,28859,19,13,,15,3,15,,2,,,3,,53
16023819927090,160238199,27090,LARCENY/THEFT,"LOST PROPERTY, PETTY THEFT",Monday,03/21/2016,19:10,SOUTHERN,,1000 Block of MISSION ST,-122.40979519450484,37.78003562683942,POINT (-122.40979519450484 37.78003562683942),32,1,10,34,14,2,9,28853,34,24,1,6,1,6,7,2,1,1,1,,32
17622500306244,176225003,06244,LARCENY/THEFT,GRAND THEFT FROM LOCKED AUTO,Wednesday,08/30/2017,12:45,NORTHERN,,CLAY ST / POLK ST,-122.421056878203,37.792384081381236,POINT (-122.421056878203 37.792384081381236),105,4,3,32,13,9,10,28858,32,,,,,,,1,,,,,105
17009579106243,170095791,06243,LARCENY/THEFT,PETTY THEFT FROM LOCKED AUTO,Friday,02/03/2017,11:00,SOUTHERN,,800 Block of BRYANT ST,-122.40340479147905,37.775420706711,POINT (-122.40340479147905 37.775420706711),32,1,10,34,14,2,9,28853,34,,,,,,,2,,,,,32
16099248663010,160992486,63010,WARRANTS,WARRANT ARREST,Tuesday,12/06/2016,23:10,SOUTHERN,"ARREST, BOOKED",600 Block of NATOMA ST,-122.41111824343544,37.77756071374055,POINT (-122.41111824343544 37.77756071374055),32,1,10,34,8,2,9,28853,34,24,1,6,1,6,,2,1,1,1,,32
17608636606244,176086366,06244,LARCENY/THEFT,GRAND THEFT FROM LOCKED AUTO,Friday,03/31/2017,18:30,MISSION,,18TH ST / CAPP ST,-122.41827216642213,37.761902961302205,POINT (-122.41827216642213 37.761902961302205),53,3,2,20,2,4,7,28859,19,13,,15,3,15,,2,,,3,,53
16012033616710,160120336,16710,DRUG/NARCOTIC,POSSESSION OF NARCOTICS PARAPHERNALIA,Tuesday,02/09/2016,23:37,TENDERLOIN,"ARREST, BOOKED",300 Block of EDDY ST,-122.4129305220591,37.783834437414136,POINT (-122.4129305220591 37.78383443741414),20,5,10,36,7,10,9,28852,36,17,1,18,,18,6,2,1,1,,,20
17094514665015,170945146,65015,OTHER OFFENSES,TRAFFIC VIOLATION,Monday,11/20/2017,17:53,MISSION,"ARREST, BOOKED",HARRISON ST / 23RD ST,-122.41205070456178,37.75423027026244,POINT (-122.41205070456178 37.75423027026244),53,3,2,20,2,4,7,28859,19,,,,3,,,2,,,3,,53
18600782928150,186007829,28150,VANDALISM,"MALICIOUS MISCHIEF, VANDALISM",Monday,01/01/2018,17:00,BAYVIEW,,MINNESOTA ST / 19TH ST,-122.39057495758534,37.76165276824085,POINT (-122.39057495758534 37.76165276824085),55,2,9,26,10,3,8,28856,29,20,,22,,22,14,1,,,,,55
16070846565015,160708465,65015,OTHER OFFENSES,TRAFFIC VIOLATION,Thursday,09/01/2016,09:38,BAYVIEW,"ARREST, BOOKED",REVERE AV / LANE ST,-122.39016481873107,37.731663069459444,POINT (-122.39016481873107 37.731663069459444),86,2,9,1,10,3,8,58,1,,,,,,,2,,,,,86
17016813865050,170168138,65050,DRIVING UNDER THE INFLUENCE,DRIVING WHILE UNDER THE INFLUENCE OF ALCOHOL,Tuesday,02/28/2017,09:13,INGLESIDE,"ARREST, BOOKED",SAN JOSE AV / SANTAYNEZ AV,-122.44238584810323,37.725792264920294,POINT (-122.44238584810323 37.725792264920294),94,9,1,28,9,7,6,28861,25,,,,,,,1,,,,70,94
17016234015161,170162340,15161,OTHER OFFENSES,VIOLATION OF RESTRAINING ORDER,Saturday,02/25/2017,23:00,TARAVAL,"ARREST, BOOKED",200 Block of SUMMIT ST,-122.45427542540878,37.717211212861244,POINT (-122.45427542540878 37.717211212861244),81,10,1,24,9,8,6,28861,24,,,,,,,2,,,,,81
16071083065050,160710830,65050,DRIVING UNDER THE INFLUENCE,DRIVING WHILE UNDER THE INFLUENCE OF ALCOHOL,Thursday,09/01/2016,23:25,CENTRAL,"ARREST, BOOKED",1300 Block of STOCKTON ST,-122.40878366302819,37.798099861687795,POINT (-122.40878366302819 37.798099861687795),106,6,3,6,3,1,10,308,4,,,,,,,2,,,,,106
17010718606244,170107186,06244,LARCENY/THEFT,GRAND THEFT FROM LOCKED AUTO,Thursday,02/02/2017,23:45,NORTHERN,,ELLIS ST / GOUGH ST,-122.42429589127546,37.78339830749756,POINT (-122.42429589127546 37.78339830749756),100,4,11,39,7,9,11,28858,41,,,,,,,2,,,,,100
17022882371000,170228823,71000,NON-CRIMINAL,LOST PROPERTY,Sunday,03/19/2017,15:00,TENDERLOIN,,300 Block of EDDY ST,-122.4129305220591,37.783834437414136,POINT (-122.4129305220591 37.78383443741414),20,5,10,36,7,10,9,28852,36,17,1,18,,18,6,2,1,1,,,20
16074405503074,160744055,03074,ROBBERY,"ROBBERY, BODILY FORCE",Tuesday,09/13/2016,15:48,SOUTHERN,"ARREST, BOOKED",1000 Block of HARRISON ST,-122.40443970383842,37.777058307998324,POINT (-122.40443970383842 37.777058307998324),32,1,10,34,14,2,9,28853,34,24,,6,,6,,2,,,,,32
16070001371000,160700013,71000,NON-CRIMINAL,LOST PROPERTY,Saturday,08/27/2016,00:01,NORTHERN,,2500 Block of VANNESS AV,-122.42390741064726,37.79904976072132,POINT (-122.42390741064726 37.79904976072132),107,4,6,32,13,9,1,28858,32,,,,,,,1,,,,,107
16041894372000,160418943,72000,NON-CRIMINAL,FOUND PROPERTY,Friday,05/20/2016,17:00,NORTHERN,,CHESTNUT ST / SCOTT ST,-122.4411783525367,37.80018816905135,POINT (-122.4411783525367 37.80018816905135),17,4,6,13,13,9,1,57,17,19,,21,,21,,1,,,,,17
16622478628150,166224786,28150,VANDALISM,"MALICIOUS MISCHIEF, VANDALISM",Thursday,09/29/2016,00:01,NORTHERN,,700 Block of ELLIS ST,-122.41856209710514,37.78418470913026,POINT (-122.41856209710514 37.78418470913026),20,5,10,36,7,9,9,28858,36,,,,,,,2,1,1,,,20
16621003606374,166210036,06374,LARCENY/THEFT,GRAND THEFT OF PROPERTY,Thursday,09/08/2016,17:00,NORTHERN,,2300 Block of CHESTNUT ST,-122.44203869477604,37.80013628478799,POINT (-122.44203869477604 37.80013628478799),17,4,6,13,13,9,1,57,17,,,,,,,1,,,,,17
16088003506244,160880035,06244,LARCENY/THEFT,GRAND THEFT FROM LOCKED AUTO,Friday,10/28/2016,20:00,MISSION,,SHOTWELL ST / 17TH ST,-122.4162303925434,37.76363377029855,POINT (-122.4162303925434 37.76363377029855),53,3,2,20,8,4,7,28859,19,12,,14,3,14,,2,,,3,,53
16630713806244,166307138,06244,LARCENY/THEFT,GRAND THEFT FROM LOCKED AUTO,Monday,12/26/2016,22:00,CENTRAL,,800 Block of CALIFORNIA ST,-122.40860329796847,37.79205607184888,POINT (-122.40860329796847 37.79205607184888),16,6,3,21,5,1,10,28857,21,,,,,,,1,,,,,16
16019415965016,160194159,65016,OTHER OFFENSES,"DRIVERS LICENSE, SUSPENDED OR REVOKED",Sunday,03/06/2016,16:55,BAYVIEW,"ARREST, CITED",1500 Block of HUDSON AV,-122.38731379987058,37.739568706605056,POINT (-122.38731379987058 37.739568706605056),86,2,9,1,10,3,8,58,1,,,,,,,2,,,,,86
16612317206244,166123172,06244,LARCENY/THEFT,GRAND THEFT FROM LOCKED AUTO,Tuesday,05/24/2016,15:00,RICHMOND,,1100 Block of 9TH AV,-122.46650439711264,37.766201429685886,POINT (-122.46650439711264 37.766201429685886),9,8,11,12,11,6,11,29492,8,,,,,,,1,,,,,9
17078919807021,170789198,07021,VEHICLE THEFT,STOLEN AUTOMOBILE,Tuesday,09/26/2017,20:30,BAYVIEW,,3RD ST / EVANS AV,-122.38792738760918,37.7427030847405,POINT (-122.38792738760918 37.7427030847405),86,2,9,1,10,3,8,58,1,,,,,,,1,,,,,86
17102985016010,171029850,16010,DRUG/NARCOTIC,POSSESSION OF MARIJUANA,Thursday,12/21/2017,10:40,TARAVAL,"ARREST, BOOKED",1000 Block of OCEAN AV,-122.45364594949392,37.72327255110331,POINT (-122.45364594949392 37.72327255110331),64,10,8,24,9,8,4,28861,24,,,19,,19,13,2,,,,,64
17074412068020,170744120,68020,OTHER OFFENSES,MISCELLANEOUS INVESTIGATION,Tuesday,09/12/2017,00:34,SOUTHERN,,800 Block of BRYANT ST,-122.40340479147905,37.775420706711,POINT (-122.40340479147905 37.775420706711),32,1,10,34,14,2,9,28853,34,,,,,,,2,,,,,32
17103376015200,171033760,15200,SECONDARY CODES,DOMESTIC VIOLENCE,Monday,12/18/2017,00:01,TARAVAL,,800 Block of GONZALEZ DR,-122.48060634886455,37.71751858730814,POINT (-122.48060634886455 37.71751858730814),42,10,8,16,1,8,4,64,14,,,,,,,2,,,,,42
16067566061030,160675660,61030,NON-CRIMINAL,"DEATH REPORT, CAUSE UNKNOWN",Sunday,08/21/2016,00:01,MISSION,,1100 Block of YORK ST,-122.40833337913,37.753633108800116,POINT (-122.40833337913 37.753633108800116),53,3,2,20,2,4,7,28859,19,,,,3,,,1,,,3,,53
16099569004134,160995690,04134,ASSAULT,BATTERY,Thursday,12/08/2016,10:05,SOUTHERN,,800 Block of MISSION ST,-122.40549311856641,37.7835879465324,POINT (-122.40549311856641 37.7835879465324),32,1,10,34,12,2,9,28853,34,,,,,,4,2,,,,,32
16066986764020,160669867,64020,NON-CRIMINAL,"AIDED CASE, MENTAL DISTURBED",Friday,08/19/2016,09:31,SOUTHERN,,100 Block of 6TH ST,-122.40797509304332,37.780309908281374,POINT (-122.40797509304332 37.780309908281374),32,1,10,34,14,2,9,28853,34,24,1,6,1,6,,2,1,1,1,,32
18001827264020,180018272,64020,NON-CRIMINAL,"AIDED CASE, MENTAL DISTURBED",Sunday,01/07/2018,17:11,MISSION,,800 Block of SOUTH VAN NESS AV,-122.41701666351719,37.7595460924587,POINT (-122.41701666351719 37.7595460924587),53,3,2,20,2,4,7,28859,19,13,,15,3,15,,2,,,3,,53
16090890065015,160908900,65015,OTHER OFFENSES,TRAFFIC VIOLATION,Monday,11/07/2016,22:30,NORTHERN,"ARREST, BOOKED",POLK ST / JACKSON ST,-122.42140697402185,37.79414189201084,POINT (-122.42140697402185 37.79414189201084),105,4,3,32,13,9,10,28858,32,,,,,,,1,,,,,105
17094517403011,170945174,03011,ROBBERY,ROBBERY ON THE STREET WITH A GUN,Sunday,11/19/2017,02:00,SOUTHERN,,6TH ST / MISSION ST,-122.40871060666346,37.78097067220534,POINT (-122.40871060666346 37.78097067220534),32,1,10,34,14,2,9,28853,34,24,1,6,1,6,7,2,1,1,1,,32
16005759109320,160057591,09320,FRAUD,"CREDIT CARD, THEFT BY USE OF",Tuesday,01/05/2016,22:09,RICHMOND,,600 Block of 9TH AV,-122.46708297380906,37.776140584815046,POINT (-122.46708297380906 37.776140584815046),5,8,4,11,11,6,2,54,11,6,,7,,7,,1,,,,,5
17628983306244,176289833,06244,LARCENY/THEFT,GRAND THEFT FROM LOCKED AUTO,Friday,11/03/2017,21:00,INGLESIDE,,5200 Block of DIAMONDHEIGHTS BL,-122.4390659449591,37.744277476687685,POINT (-122.4390659449591 37.744277476687685),57,9,5,10,2,7,5,63,7,,,,,,,1,,,,,57
17002873603474,170028736,03474,ROBBERY,ATTEMPTED ROBBERY WITH BODILY FORCE,Wednesday,01/11/2017,14:30,INGLESIDE,,100 Block of MIRALOMA DR,-122.46122930155397,37.73658210724239,POINT (-122.46122930155397 37.73658210724239),117,9,8,41,9,7,4,59,40,,,,,,,1,,,,,117
16042274064020,160422740,64020,NON-CRIMINAL,"AIDED CASE, MENTAL DISTURBED",Tuesday,05/24/2016,00:11,MISSION,,1200 Block of TREAT AV,-122.4128304029496,37.7501495078008,POINT (-122.4128304029496 37.7501495078008),53,3,2,20,2,4,7,28859,19,,,,3,,,2,,,3,,53
17602496806244,176024968,06244,LARCENY/THEFT,GRAND THEFT FROM LOCKED AUTO,Saturday,01/28/2017,18:57,NORTHERN,,3100 Block of WEBSTER ST,-122.43420343594082,37.799403168774965,POINT (-122.43420343594082 37.799403168774965),15,4,6,13,13,9,1,57,17,,,,,,,1,,,,,15
16088561506244,160885615,06244,LARCENY/THEFT,GRAND THEFT FROM LOCKED AUTO,Sunday,10/30/2016,18:00,CENTRAL,,500 Block of THE EMBARCADERONORTH ST,-122.39823520360297,37.80017890406446,POINT (-122.39823520360297 37.80017890406446),77,6,3,8,3,1,10,28860,6,,,,,,,1,,,,,77
17056797203074,170567972,03074,ROBBERY,"ROBBERY, BODILY FORCE",Thursday,07/13/2017,04:00,CENTRAL,,500 Block of GEARY ST,-122.41193389991467,37.78683073026106,POINT (-122.41193389991467 37.78683073026106),20,6,10,36,5,1,9,28852,36,,,,,,5,2,1,1,,,20
17049396310120,170493963,10120,FRAUD,"FALSE PRETENSES, PETTY THEFT",Sunday,06/11/2017,11:00,NORTHERN,,900 Block of FRANKLIN ST,-122.42253693130674,37.783393965091776,POINT (-122.42253693130674 37.783393965091776),100,4,11,39,7,9,11,28858,41,,,,,,,2,,,,,100
17092210006243,170922100,06243,LARCENY/THEFT,PETTY THEFT FROM LOCKED AUTO,Saturday,11/11/2017,22:40,SOUTHERN,,3RD ST / STILLMAN ST,-122.39638183688473,37.781749223522596,POINT (-122.39638183688473 37.781749223522596),32,1,10,34,6,2,9,28856,34,,,,,,,2,,,,,32
17622648706224,176226487,06224,LARCENY/THEFT,GRAND THEFT FROM UNLOCKED AUTO,Sunday,08/20/2017,18:10,NORTHERN,,800 Block of VANNESS AV,-122.42099691400047,37.7831032668735,POINT (-122.42099691400047 37.7831032668735),100,4,11,39,7,9,11,28858,41,,1,,,,,2,,,,,100
16059901062050,160599010,62050,WARRANTS,ENROUTE TO OUTSIDE JURISDICTION,Monday,07/25/2016,14:22,SOUTHERN,"ARREST, BOOKED",0 Block of UNITEDNATIONS PZ,-122.41431785788087,37.779944405204645,POINT (-122.41431785788087 37.779944405204645),21,5,10,36,7,10,9,28852,36,3,1,3,1,3,6,2,1,1,1,39,21
17096174405042,170961744,05042,BURGLARY,"BURGLARY OF RESIDENCE, ATTEMPTED FORCIBLE ENTRY",Wednesday,11/22/2017,16:00,NORTHERN,,1900 Block of VALLEJO ST,-122.42936514131392,37.79590196438491,POINT (-122.42936514131392 37.79590196438491),102,4,6,30,13,9,1,28858,27,,,,,,,1,,,,,102
16620696606244,166206966,06244,LARCENY/THEFT,GRAND THEFT FROM LOCKED AUTO,Tuesday,08/30/2016,17:00,SOUTHERN,,200 Block of BRANNAN ST,-122.39176951921229,37.7821670175043,POINT (-122.39176951921229 37.7821670175043),31,1,10,8,6,2,9,28856,6,,,,,,,1,,,,,31
17094542572000,170945425,72000,NON-CRIMINAL,FOUND PROPERTY,Monday,11/20/2017,19:56,NORTHERN,,POLK ST / BROADWAY ST,-122.42177213530373,37.79594615319581,POINT (-122.42177213530373 37.79594615319581),105,4,3,32,13,9,10,28858,32,,,,,,,1,,,,,105
16070901563010,160709015,63010,WARRANTS,WARRANT ARREST,Thursday,09/01/2016,13:02,INGLESIDE,"ARREST, BOOKED",300 Block of MOULTRIE ST,-122.41591378658376,37.73969435606774,POINT (-122.41591378658376 37.73969435606774),83,9,2,2,2,7,7,28859,2,,,,,,,1,,,,,83
17047680628160,170476806,28160,VANDALISM,"MALICIOUS MISCHIEF, VANDALISM OF VEHICLES",Sunday,06/11/2017,13:40,NORTHERN,,1900 Block of WEBSTER ST,-122.43203352038708,37.78865502669762,POINT (-122.43203352038708 37.78865502669762),102,4,6,30,13,9,1,29490,27,,,,,,,1,,,,,102
16621702606372,166217026,06372,LARCENY/THEFT,PETTY THEFT OF PROPERTY,Sunday,09/18/2016,14:00,NORTHERN,,OCTAVIA ST / FELL ST,-122.42443663324563,37.77574035368264,POINT (-122.42443663324563 37.77574035368264),22,4,11,9,7,9,11,28852,10,,,,,,,1,,,,,22
16060641174000,160606411,74000,MISSING PERSON,MISSING ADULT,Friday,04/01/2016,00:01,BAYVIEW,,1100 Block of HUDSON AV,-122.38125041509443,37.73271547971497,POINT (-122.38125041509443 37.73271547971497),86,2,9,1,10,3,8,58,1,,,,,,,2,,,,,86
17085909262050,170859092,62050,WARRANTS,ENROUTE TO OUTSIDE JURISDICTION,Friday,10/20/2017,17:40,RICHMOND,"ARREST, BOOKED",12TH AV / GEARY BL,-122.47071772726078,37.780722360563445,POINT (-122.47071772726078 37.780722360563445),5,8,4,11,11,6,2,54,11,,,,,,,1,,,,,5
17030151026031,170301510,26031,ARSON,ARSON OF A VEHICLE,Wednesday,04/12/2017,21:50,BAYVIEW,,700 Block of INNES AV,-122.37292607972161,37.730459961039685,POINT (-122.37292607972161 37.730459961039685),76,2,9,1,10,3,8,58,1,,,,,,,2,,,,,76
17077827603044,170778276,03044,ROBBERY,ROBBERY OF A CHAIN STORE WITH BODILY FORCE,Saturday,09/23/2017,18:30,RICHMOND,"ARREST, BOOKED",800 Block of LA PLAYA ST,-122.50989541823887,37.772313197681385,POINT (-122.50989541823887 37.772313197681385),8,8,4,29,11,6,2,55,26,,,,,,,1,,,,,8
16900569065050,169005690,65050,DRIVING UNDER THE INFLUENCE,DRIVING WHILE UNDER THE INFLUENCE OF ALCOHOL,Tuesday,08/30/2016,02:41,SOUTHERN,"ARREST, BOOKED",800 Block of BRYANT ST,-122.40340479147905,37.775420706711,POINT (-122.40340479147905 37.775420706711),32,1,10,34,14,2,9,28853,34,,,,,,,2,,,,,32
17096322306243,170963223,06243,LARCENY/THEFT,PETTY THEFT FROM LOCKED AUTO,Tuesday,11/21/2017,13:30,SOUTHERN,,800 Block of BRYANT ST,-122.40340479147905,37.775420706711,POINT (-122.40340479147905 37.775420706711),32,1,10,34,14,2,9,28853,34,,,,,,,2,,,,,32
17004830864070,170048308,64070,SUSPICIOUS OCC,SUSPICIOUS OCCURRENCE,Wednesday,01/18/2017,11:00,TARAVAL,,2600 Block of SAN JOSE AV,-122.44991813814708,37.716611150906395,POINT (-122.44991813814708 37.716611150906395),81,10,1,24,9,8,6,28861,24,,,,,,,2,,,,,81
16023740851040,160237408,51040,NON-CRIMINAL,AIDED CASE,Monday,03/21/2016,21:29,CENTRAL,,300 Block of STOCKTON ST,-122.40688650360607,37.78873457635266,POINT (-122.40688650360607 37.78873457635266),19,6,3,8,5,1,10,28857,6,10,,12,,12,5,2,,,,,19
16052772665016,160527726,65016,OTHER OFFENSES,"DRIVERS LICENSE, SUSPENDED OR REVOKED",Wednesday,06/29/2016,15:28,BAYVIEW,"ARREST, BOOKED",0 Block of POMONA ST,-122.39337985566175,37.73170815257377,POINT (-122.39337985566175 37.73170815257377),87,2,9,1,10,3,8,58,1,,,,,,,2,,,,,87
16088543306113,160885433,06113,LARCENY/THEFT,GRAND THEFT PICKPOCKET,Saturday,10/29/2016,17:00,SOUTHERN,,MARKET ST / 2ND ST,-122.40137806754392,37.78926393104578,POINT (-122.40137806754392 37.78926393104578),108,6,3,8,4,2,10,28855,6,,,,,,,2,,,,35,108
17602081906244,176020819,06244,LARCENY/THEFT,GRAND THEFT FROM LOCKED AUTO,Wednesday,01/18/2017,03:00,RICHMOND,,3200 Block of GEARY BL,-122.45370298069071,37.781784073342514,POINT (-122.45370298069071 37.781784073342514),11,8,6,31,11,6,1,54,31,,,,,,,1,,,,,11
16017648605043,160176486,05043,BURGLARY,"BURGLARY OF RESIDENCE, UNLAWFUL ENTRY",Sunday,02/28/2016,20:30,PARK,,1500 Block of GOLDEN GATE AV,-122.43606773551845,37.778985083717174,POINT (-122.43606773551845 37.77898508371718),97,4,11,39,15,5,11,29490,41,,,,,,,2,,,,,97
18009196105033,180091961,05033,BURGLARY,"BURGLARY OF HOTEL ROOM, UNLAWFUL ENTRY",Friday,02/02/2018,09:30,NORTHERN,,700 Block of POLK ST,-122.41915919098442,37.7833430636234,POINT (-122.41915919098442 37.7833430636234),20,4,10,36,7,9,9,28858,36,,1,,,,,2,1,1,,,20
18007591504011,180075915,04011,ASSAULT,AGGRAVATED ASSAULT WITH A GUN,Sunday,01/28/2018,21:44,MISSION,,21ST ST / SHOTWELL ST,-122.4156293324455,37.75723222791403,POINT (-122.4156293324455 37.75723222791403),53,3,2,20,2,4,7,28859,19,13,,15,3,15,,2,,,3,,53
16079903828150,160799038,28150,VANDALISM,"MALICIOUS MISCHIEF, VANDALISM",Saturday,10/01/2016,20:20,BAYVIEW,,1400 Block of KANSAS ST,-122.40231683973485,37.75125335119226,POINT (-122.40231683973485 37.75125335119226),54,2,9,26,10,3,8,28856,29,,,,,,,2,,,,,54
17002873603474,170028736,03474,ROBBERY,ATTEMPTED ROBBERY WITH BODILY FORCE,Wednesday,01/11/2017,14:30,INGLESIDE,,100 Block of MIRALOMA DR,-122.46122930155397,37.73658210724239,POINT (-122.46122930155397 37.73658210724239),117,9,8,41,9,7,4,59,40,,,,,,,1,,,,,117
16042274064020,160422740,64020,NON-CRIMINAL,"AIDED CASE, MENTAL DISTURBED",Tuesday,05/24/2016,00:11,MISSION,,1200 Block of TREAT AV,-122.4128304029496,37.7501495078008,POINT (-122.4128304029496 37.7501495078008),53,3,2,20,2,4,7,28859,19,,,,3,,,2,,,3,,53
17601600606372,176016006,06372,LARCENY/THEFT,PETTY THEFT OF PROPERTY,Monday,01/16/2017,14:35,NORTHERN,,GEARY ST / VANNESS AV,-122.4213958191147,37.78568433894721,POINT (-122.4213958191147 37.78568433894721),100,4,11,39,13,9,11,28858,41,,,,,,10,1,,,,,100
16101765507026,161017655,07026,VEHICLE THEFT,STOLEN MISCELLANEOUS VEHICLE,Wednesday,12/14/2016,23:00,BAYVIEW,,300 Block of TOLAND ST,-122.39812726344613,37.744685147479274,POINT (-122.39812726344613 37.744685147479274),85,2,9,1,10,3,8,58,1,,,,,,,1,,,,,85
11082415274000,110824152,74000,MISSING PERSON,MISSING ADULT,Saturday,09/24/2011,11:00,TARAVAL,LOCATED,3200 Block of SAN JOSE AV,-122.459172646607,37.7082001648459,POINT (-122.459172646607 37.7082001648459),,,,,,,,28588,,,,,,,,,,,,,
4037801104134,040378011,04134,ASSAULT,BATTERY,Friday,12/12/2003,12:00,SOUTHERN,,500 Block of I-80,-122.386667033903,37.7898821569191,POINT (-122.38666703390301 37.7898821569191),,,,,,,,28856,,,,,,,,,,,,,
4147669007025,041476690,07025,VEHICLE THEFT,STOLEN TRUCK,Thursday,12/30/2004,19:00,BAYVIEW,,100 Block of KAREN CT,-122.407531316146,37.723291086507,POINT (-122.40753131614602 37.723291086507),91,2,2,25,10,3,7,309,28,,,,,,,1,,,,,91
16010127305073,160101273,05073,BURGLARY,"BURGLARY, UNLAWFUL ENTRY",Wednesday,02/03/2016,20:30,MISSION,"ARREST, BOOKED",2300 Block of 16TH ST,-122.40952991327822,37.76571843952822,POINT (-122.40952991327822 37.76571843952822),53,3,9,20,8,4,8,28853,19,,,,3,,,2,,,3,,53
17004924306243,170049243,06243,LARCENY/THEFT,PETTY THEFT FROM LOCKED AUTO,Wednesday,01/18/2017,18:20,TARAVAL,,NORIEGA ST / SUNSET BL,-122.49522504431104,37.75341185338174,POINT (-122.49522504431104 37.75341185338174),39,10,7,35,1,8,3,56,35,,,,,,,1,,,,,39
16065828006244,160658280,06244,LARCENY/THEFT,GRAND THEFT FROM LOCKED AUTO,Sunday,08/14/2016,21:00,TARAVAL,,3200 Block of 20TH AV,-122.47564746078615,37.72852806274646,POINT (-122.47564746078615 37.72852806274647),41,10,8,16,1,8,4,64,14,,,,,,,2,,,,,41
