sales_agent,account,product,order_value,create_date
Corliss Cosme,Zencorporation,GTXPro,5133,2022-06-28
Gladys Colclough,Toughzap,GTXPro,4498,2022-06-15
Hayden Neloms,Fasehatice,MG Advanced,3763,2022-06-04
Markita Hansen,Y-corporation,GTX Plus Pro,5503,2022-06-04
Zane Levy,Scotfind,GTX Plus Basic,1220,2022-06-02
Anna Snelling,Conecom,GTX Plus Basic,1056,2022-06-10
Darcel Schlecht,Gogozoom,GTXPro,5643,2022-06-28
Moses Frase,Bioholding,GTX Basic,516,2022-06-16
Moses Frase,Condax,GTX Plus Basic,956,2022-06-06
Reed Clapper,The New York Inquirer,GTXPro,5618,2022-06-10
Jonathan Berthelot,Hottechi,GTX Plus Basic,1055,2022-06-16
Violet Mclelland,Massive Dynamic,MG Advanced,3246,2022-06-06
Cassey Cress,Initech,GTX Basic,542,2022-06-18
Darcel Schlecht,Cancity,MG Advanced,3295,2022-06-13
Donn Cantrell,Plussunin,GTX Basic,568,2022-06-02
Marty Freudenburg,Scottech,GTX Plus Basic,1081,2022-06-30
Reed Clapper,Xx-zobam,MG Advanced,3075,2022-06-10
Wilburn Farren,Konex,MG Advanced,3336,2022-06-02
Gladys Colclough,Dontechi,GTXPro,5142,2022-06-08
Versie Hillebrand,Domzoom,MG Special,61,2022-06-18
Anna Snelling,dambase,GTX Basic,574,2022-06-04
Gladys Colclough,Cancity,GTX Plus Basic,1008,2022-06-24
Gladys Colclough,Zumgoity,GTXPro,4458,2022-06-22
James Ascencio,Dalttechnology,MG Advanced,3813,2022-06-05
Kary Hendrixson,Kan-code,GTXPro,3893,2022-06-19
Lajuana Vencill,Bioholding,GTX Basic,530,2022-06-01
Markita Hansen,Goodsilron,GTK 500,29617,2022-06-27
Marty Freudenburg,Domzoom,MG Advanced,2863,2022-06-28
Moses Frase,Codehow,MG Advanced,4109,2022-06-28
Rosie Papadopoulos,Bubba Gump,MG Special,53,2022-06-30
Cassey Cress,Umbrella Corporation,MG Advanced,3986,2022-06-15
Daniell Hammack,Donquadtech,GTXPro,5105,2022-06-05
Darcel Schlecht,Genco Pura Olive Oil Company,GTX Basic,516,2022-06-22
Darcel Schlecht,Rundofase,GTXPro,4407,2022-06-02
Donn Cantrell,Zathunicon,MG Advanced,3087,2022-06-19
James Ascencio,Hatfan,GTX Basic,463,2022-06-29
Lajuana Vencill,Rundofase,GTX Basic,524,2022-06-15
Reed Clapper,Zencorporation,GTX Plus Basic,1161,2022-06-01
Reed Clapper,Mathtouch,GTX Plus Pro,6046,2022-06-03
Anna Snelling,Hottechi,MG Advanced,3415,2022-06-26
Cassey Cress,Massive Dynamic,GTXPro,4256,2022-06-30
Gladys Colclough,Treequote,MG Advanced,4082,2022-06-02
Moses Frase,Streethex,GTX Basic,465,2022-06-14
Moses Frase,Konmatfix,MG Special,50,2022-06-14
Reed Clapper,Kan-code,MG Advanced,3558,2022-06-03
Versie Hillebrand,Warephase,MG Special,50,2022-06-16
Vicki Laflamme,Zoomit,GTX Plus Basic,1086,2022-06-01
Violet Mclelland,Umbrella Corporation,GTXPro,4756,2022-06-24
Violet Mclelland,Gekko & Co,MG Special,67,2022-06-19
Wilburn Farren,Iselectrics,MG Advanced,3783,2022-06-09
Darcel Schlecht,Codehow,GTX Plus Pro,4856,2022-06-19
Donn Cantrell,Mathtouch,GTX Basic,487,2022-06-11
Donn Cantrell,Donquadtech,GTX Plus Basic,1166,2022-06-12
Jonathan Berthelot,Scottech,GTX Basic,595,2022-06-06
Kami Bicknell,Condax,MG Special,49,2022-06-04
Anna Snelling,Rundofase,MG Special,54,2022-06-22
Boris Faz,Donquadtech,GTX Plus Pro,6173,2022-06-08
Moses Frase,Globex Corporation,GTX Plus Basic,1020,2022-06-01
Anna Snelling,Codehow,GTX Basic,522,2022-06-13
Anna Snelling,Genco Pura Olive Oil Company,MG Advanced,3081,2022-06-07
Lajuana Vencill,Funholding,GTX Basic,496,2022-06-22
Reed Clapper,Kan-code,GTX Basic,521,2022-06-27
Zane Levy,Blackzim,GTXPro,5876,2022-06-11
Daniell Hammack,Acme Corporation,GTX Plus Basic,966,2022-06-08
Hayden Neloms,Cheers,MG Advanced,3397,2022-06-28
Lajuana Vencill,Rangreen,GTX Basic,494,2022-06-06
Vicki Laflamme,Konex,GTX Basic,642,2022-06-14
Kary Hendrixson,Kan-code,GTX Basic,494,2022-06-29
Marty Freudenburg,Isdom,GTX Basic,545,2022-06-11
Maureen Marcano,Y-corporation,GTX Basic,584,2022-06-01
Moses Frase,dambase,MG Advanced,3714,2022-06-09
Anna Snelling,Globex Corporation,GTX Plus Pro,6023,2022-06-11
Donn Cantrell,Vehement Capital Partners,GTXPro,5256,2022-06-10
Elease Gluck,Hottechi,GTXPro,4327,2022-06-07
Niesha Huffines,Isdom,GTX Plus Basic,1190,2022-06-12
Cecily Lampkin,Bioholding,MG Special,59,2022-06-03
Corliss Cosme,Bubba Gump,GTX Plus Basic,857,2022-06-02
Daniell Hammack,Massive Dynamic,GTX Plus Basic,1142,2022-06-27
Hayden Neloms,Rantouch,GTX Plus Basic,1039,2022-06-16
Rosie Papadopoulos,Acme Corporation,MG Special,61,2022-06-22
Anna Snelling,Streethex,GTX Basic,595,2022-06-11
Anna Snelling,Zumgoity,MG Special,51,2022-06-01
Darcel Schlecht,Funholding,GTX Basic,571,2022-06-01
Gladys Colclough,Toughzap,MG Special,51,2022-06-08
Kami Bicknell,Cheers,GTXPro,5035,2022-06-22
Marty Freudenburg,Codehow,MG Special,51,2022-06-01
Maureen Marcano,Dalttechnology,GTXPro,4342,2022-06-09
Violet Mclelland,Vehement Capital Partners,MG Special,48,2022-06-22
Daniell Hammack,Konex,GTXPro,4762,2022-06-28
Garret Kinder,Gekko & Co,GTX Plus Basic,1062,2022-06-12
Violet Mclelland,Zencorporation,GTX Plus Basic,1074,2022-06-28
Cecily Lampkin,Rundofase,GTX Plus Basic,1184,2022-06-13
James Ascencio,J-Texon,GTX Basic,526,2022-06-10
James Ascencio,Condax,GTX Plus Pro,5344,2022-06-12
Kami Bicknell,Dalttechnology,GTX Basic,528,2022-06-06
Lajuana Vencill,Codehow,GTX Basic,459,2022-06-22
Moses Frase,Konmatfix,MG Advanced,3330,2022-06-04
Cassey Cress,Opentech,GTX Plus Pro,5664,2022-06-11
Corliss Cosme,Initech,GTX Plus Basic,1074,2022-06-11
Elease Gluck,Labdrill,GTX Plus Basic,1101,2022-06-02
Gladys Colclough,Warephase,GTX Basic,522,2022-06-23
Hayden Neloms,Y-corporation,MG Special,49,2022-06-13
Kami Bicknell,Newex,GTXPro,4865,2022-06-02
Maureen Marcano,Labdrill,GTXPro,4281,2022-06-15
Rosie Papadopoulos,Kinnamplus,MG Advanced,3443,2022-06-27
Versie Hillebrand,Hottechi,MG Special,53,2022-06-20
Anna Snelling,Warephase,MG Special,52,2022-06-08
Hayden Neloms,Singletechno,GTX Plus Basic,1157,2022-06-22
Kary Hendrixson,Singletechno,GTXPro,5606,2022-06-02
Zane Levy,Dalttechnology,GTXPro,5113,2022-06-27
Cassey Cress,Mathtouch,MG Advanced,3600,2022-06-13
Darcel Schlecht,Dontechi,GTXPro,4565,2022-06-20
Garret Kinder,Xx-zobam,GTXPro,3869,2022-06-06
Moses Frase,Streethex,GTX Basic,502,2022-06-03
Darcel Schlecht,Treequote,GTXPro,4969,2022-06-21
Darcel Schlecht,Dontechi,MG Advanced,2875,2022-06-05
Kary Hendrixson,Kan-code,GTXPro,4369,2022-06-14
Lajuana Vencill,Genco Pura Olive Oil Company,GTX Plus Pro,4527,2022-06-21
Moses Frase,Cancity,GTX Plus Pro,6102,2022-06-03
Vicki Laflamme,Zoomit,MG Special,52,2022-06-11
Violet Mclelland,Gekko & Co,GTXPro,5031,2022-06-25
Violet Mclelland,Bioplex,MG Special,53,2022-06-06
Boris Faz,Donquadtech,GTXPro,5223,2022-06-06
Corliss Cosme,Vehement Capital Partners,GTXPro,4833,2022-06-01
Daniell Hammack,Zencorporation,GTX Plus Pro,5407,2022-06-29
Lajuana Vencill,Treequote,MG Advanced,3185,2022-06-11
Markita Hansen,Cheers,MG Special,54,2022-06-03
Maureen Marcano,Newex,MG Special,62,2022-06-26
Moses Frase,Betatech,GTX Basic,619,2022-06-25
Zane Levy,Cheers,GTX Basic,605,2022-06-07
Cassey Cress,Plussunin,GTX Basic,641,2022-06-22
Elease Gluck,Faxquote,MG Special,63,2022-06-25
Hayden Neloms,Singletechno,GTX Plus Basic,1188,2022-06-10
Kary Hendrixson,Scotfind,GTX Basic,478,2022-06-11
Versie Hillebrand,Statholdings,MG Advanced,3378,2022-06-21
Zane Levy,Newex,GTX Plus Basic,999,2022-06-02
Zane Levy,Singletechno,MG Special,52,2022-06-05
Cassey Cress,Plussunin,GTX Basic,530,2022-06-18
Darcel Schlecht,Scottech,GTXPro,5416,2022-06-12
Kami Bicknell,Labdrill,MG Advanced,2560,2022-06-19
Markita Hansen,Konex,MG Special,53,2022-06-22
Marty Freudenburg,Treequote,GTX Plus Pro,6553,2022-06-02
Moses Frase,Finhigh,MG Advanced,3619,2022-06-11
Darcel Schlecht,Streethex,MG Special,65,2022-06-04
Hayden Neloms,Labdrill,MG Advanced,3028,2022-06-16
Kami Bicknell,Kan-code,MG Advanced,3290,2022-06-07
Moses Frase,Rangreen,MG Advanced,3657,2022-06-23
Reed Clapper,Zotware,GTX Plus Basic,1046,2022-06-24
Violet Mclelland,Bioplex,MG Special,52,2022-06-04
Boris Faz,Kan-code,GTX Basic,564,2022-06-12
Daniell Hammack,Ganjaflex,MG Advanced,3780,2022-06-02
Darcel Schlecht,dambase,GTX Basic,491,2022-06-24
Kami Bicknell,Cheers,GTX Basic,568,2022-06-23
Kary Hendrixson,Singletechno,GTX Basic,601,2022-06-24
Violet Mclelland,Opentech,GTX Basic,542,2022-06-29
Wilburn Farren,Gekko & Co,GTX Basic,497,2022-06-14
Anna Snelling,Rangreen,GTX Plus Basic,1037,2022-06-16
Gladys Colclough,Codehow,MG Special,49,2022-06-21
Kami Bicknell,Kan-code,GTX Basic,447,2022-06-25
Lajuana Vencill,Isdom,MG Advanced,3430,2022-06-14
Reed Clapper,Donquadtech,MG Advanced,3245,2022-06-10
Vicki Laflamme,Golddex,MG Special,60,2022-06-29
Markita Hansen,Nam-zim,GTX Basic,572,2022-06-05
Markita Hansen,Golddex,MG Special,54,2022-06-08
Vicki Laflamme,Lexiqvolax,GTX Plus Pro,5930,2022-06-14
Anna Snelling,Scottech,MG Special,56,2022-06-06
Lajuana Vencill,Dontechi,MG Advanced,3040,2022-06-30
Marty Freudenburg,Treequote,GTX Plus Basic,1185,2022-06-30
Maureen Marcano,Cheers,GTX Plus Basic,1021,2022-06-30
Moses Frase,Ron-tech,GTX Basic,503,2022-06-12
Gladys Colclough,Streethex,GTX Plus Basic,1144,2022-06-14
Gladys Colclough,Genco Pura Olive Oil Company,MG Special,55,2022-06-16
Marty Freudenburg,Scottech,MG Special,54,2022-06-19
Maureen Marcano,Singletechno,GTXPro,3959,2022-06-30
Vicki Laflamme,Labdrill,GTX Basic,554,2022-06-21
Violet Mclelland,Zencorporation,MG Special,52,2022-06-16
Markita Hansen,Y-corporation,MG Special,58,2022-06-18
Daniell Hammack,Betasoloin,GTX Plus Pro,5182,2022-06-09
Jonathan Berthelot,dambase,GTX Plus Pro,5991,2022-06-26
Markita Hansen,Sunnamplex,GTXPro,4968,2022-06-26
Versie Hillebrand,dambase,MG Special,49,2022-06-28
Donn Cantrell,Donquadtech,GTXPro,4329,2022-06-03
James Ascencio,Y-corporation,GTX Plus Pro,7356,2022-06-26
James Ascencio,Fasehatice,GTXPro,4066,2022-06-25
Lajuana Vencill,Condax,MG Special,55,2022-06-06
Markita Hansen,Zoomit,MG Advanced,3738,2022-06-27
Cecily Lampkin,Inity,MG Advanced,3670,2022-06-03
Daniell Hammack,Gekko & Co,GTX Plus Pro,5304,2022-06-02
Darcel Schlecht,Conecom,GTXPro,3844,2022-06-16
Kary Hendrixson,Hottechi,GTX Basic,424,2022-06-28
Marty Freudenburg,Konmatfix,GTX Basic,490,2022-06-02
Corliss Cosme,Ganjaflex,GTX Plus Pro,5189,2022-06-26
Daniell Hammack,Xx-zobam,GTX Plus Pro,6920,2022-06-23
Darcel Schlecht,Bioholding,GTX Basic,600,2022-06-20
Rosalina Dieter,Xx-holding,GTX Basic,501,2022-06-19
Versie Hillebrand,Zumgoity,GTX Plus Pro,5017,2022-06-09
Anna Snelling,Condax,MG Special,58,2022-06-15
Hayden Neloms,Doncon,MG Advanced,3438,2022-06-04
Versie Hillebrand,Inity,GTX Basic,526,2022-06-30
Vicki Laflamme,Y-corporation,MG Special,54,2022-06-28
Darcel Schlecht,Genco Pura Olive Oil Company,MG Advanced,3228,2022-06-22
Elease Gluck,Plexzap,GTX Basic,452,2022-06-22
Jonathan Berthelot,Warephase,GTX Plus Basic,1184,2022-06-05
Kami Bicknell,Hatfan,GTX Plus Basic,1150,2022-06-22
Zane Levy,Hatfan,GTXPro,5079,2022-06-29
Anna Snelling,Streethex,GTX Basic,460,2022-06-20
Maureen Marcano,Goodsilron,GTX Plus Basic,1096,2022-06-22
Zane Levy,Hottechi,GTX Plus Basic,1214,2022-06-13
Anna Snelling,Rangreen,GTX Basic,524,2022-06-27
Donn Cantrell,Bioplex,GTX Plus Basic,1109,2022-06-26
Corliss Cosme,Plussunin,GTXPro,5197,2022-06-26
Darcel Schlecht,Finhigh,MG Advanced,3031,2022-06-18
Garret Kinder,Ontomedia,GTX Plus Pro,5946,2022-06-20
James Ascencio,Singletechno,GTXPro,4335,2022-06-06
Markita Hansen,Goodsilron,GTX Basic,605,2022-06-03
Markita Hansen,Cheers,MG Advanced,2882,2022-06-10
Marty Freudenburg,Gogozoom,MG Advanced,3011,2022-06-05
Niesha Huffines,Betatech,GTX Plus Basic,1067,2022-06-11
Zane Levy,Plexzap,GTX Basic,564,2022-06-29
Cassey Cress,Yearin,GTXPro,5558,2022-06-30
Donn Cantrell,Silis,GTXPro,4648,2022-06-19
Lajuana Vencill,Ron-tech,GTX Plus Basic,1140,2022-06-19
Markita Hansen,J-Texon,MG Advanced,3188,2022-06-22
Rosalina Dieter,Green-Plus,MG Special,62,2022-06-19
Vicki Laflamme,Zoomit,GTX Basic,550,2022-06-28
Anna Snelling,Dontechi,GTX Basic,527,2022-06-09
Moses Frase,Warephase,GTX Basic,575,2022-06-24
Moses Frase,Funholding,MG Advanced,3161,2022-06-12
Elease Gluck,Dalttechnology,MG Special,51,2022-06-24
Jonathan Berthelot,Streethex,GTXPro,4534,2022-06-27
Donn Cantrell,Sumace,GTX Basic,547,2022-06-14
Reed Clapper,Zotware,GTX Plus Basic,1123,2022-06-11
Vicki Laflamme,Labdrill,GTX Basic,595,2022-06-10
Anna Snelling,Betatech,MG Advanced,3666,2022-06-02
Kary Hendrixson,Condax,GTX Plus Basic,983,2022-06-20
Rosie Papadopoulos,Ganjaflex,GTX Plus Pro,5986,2022-06-18
Vicki Laflamme,Rantouch,MG Special,64,2022-06-16
Zane Levy,J-Texon,MG Advanced,3070,2022-06-26
Daniell Hammack,Acme Corporation,GTX Plus Pro,5721,2022-06-11
Daniell Hammack,Ganjaflex,GTXPro,5039,2022-06-28
Jonathan Berthelot,Conecom,GTX Plus Basic,1115,2022-06-27
Lajuana Vencill,Codehow,GTX Plus Basic,1047,2022-06-02
Marty Freudenburg,Rangreen,GTXPro,4413,2022-06-09
Maureen Marcano,Hottechi,GTX Plus Basic,950,2022-06-26
Boris Faz,Gekko & Co,GTX Plus Basic,1075,2022-06-11
Kary Hendrixson,Rantouch,GTXPro,5063,2022-06-19
Moses Frase,Rundofase,MG Special,46,2022-06-06
Rosalina Dieter,Hatfan,GTXPro,4760,2022-06-22
Vicki Laflamme,Fasehatice,GTXPro,4653,2022-06-21
Jonathan Berthelot,Dontechi,GTX Basic,531,2022-06-23
Jonathan Berthelot,Rangreen,GTX Basic,544,2022-06-16
Reed Clapper,Kan-code,GTX Plus Pro,5393,2022-06-21
Vicki Laflamme,Hottechi,GTX Basic,638,2022-06-06
Darcel Schlecht,Dontechi,GTX Plus Basic,923,2022-06-27
Hayden Neloms,Hatfan,MG Special,62,2022-06-23
Violet Mclelland,Sumace,GTX Plus Basic,1145,2022-06-10
Darcel Schlecht,Warephase,GTXPro,4575,2022-06-02
Elease Gluck,Zoomit,MG Advanced,3179,2022-06-16
Rosie Papadopoulos,Silis,GTXPro,5546,2022-06-16
Cecily Lampkin,Hottechi,GTX Plus Basic,1163,2022-06-27
Anna Snelling,dambase,GTX Basic,626,2022-06-23
Daniell Hammack,Bubba Gump,GTX Plus Basic,1192,2022-06-06
Corliss Cosme,Iselectrics,GTXPro,5032,2022-06-01
Daniell Hammack,Mathtouch,GTX Plus Pro,5076,2022-06-27
Daniell Hammack,Vehement Capital Partners,MG Advanced,3641,2022-06-19
Lajuana Vencill,Konmatfix,MG Special,48,2022-06-23
Niesha Huffines,Inity,GTX Basic,491,2022-06-06
Anna Snelling,Condax,MG Special,54,2022-06-20
Markita Hansen,Cheers,GTX Basic,561,2022-06-04
Versie Hillebrand,Hottechi,MG Special,58,2022-06-27
Boris Faz,Silis,MG Special,55,2022-06-16
Elease Gluck,Plexzap,GTK 500,24949,2022-06-28
Jonathan Berthelot,Streethex,GTX Basic,628,2022-06-30
Jonathan Berthelot,Conecom,GTX Plus Basic,1183,2022-06-15
Kary Hendrixson,Xx-holding,GTX Basic,527,2022-06-25
Rosie Papadopoulos,Betasoloin,GTX Plus Basic,1036,2022-06-24
Daniell Hammack,Zathunicon,GTX Plus Pro,5343,2022-06-12
Garret Kinder,Mathtouch,GTX Plus Pro,4908,2022-06-12
Kami Bicknell,Lexiqvolax,GTX Basic,531,2022-06-29
Lajuana Vencill,Hottechi,GTX Basic,489,2022-06-12
Reed Clapper,Betasoloin,MG Advanced,2887,2022-06-04
Versie Hillebrand,Gogozoom,MG Special,54,2022-06-09
Reed Clapper,Donware,GTX Basic,587,2022-06-24
Donn Cantrell,Betasoloin,GTXPro,5100,2022-06-03
James Ascencio,Newex,MG Special,45,2022-06-11
Lajuana Vencill,Bioholding,GTX Basic,518,2022-06-15
Moses Frase,Funholding,MG Special,51,2022-06-25
Darcel Schlecht,Finhigh,GTX Plus Basic,984,2022-06-20
Darcel Schlecht,Gogozoom,GTXPro,4923,2022-06-07
Reed Clapper,Massive Dynamic,GTX Basic,538,2022-06-04
Anna Snelling,Hottechi,GTX Plus Basic,1073,2022-06-30
Marty Freudenburg,Funholding,GTX Plus Basic,1105,2022-06-13
Niesha Huffines,Condax,MG Special,54,2022-06-05
Elease Gluck,Labdrill,GTK 500,27385,2022-06-18
Vicki Laflamme,Fasehatice,GTX Plus Basic,1273,2022-06-16
Markita Hansen,Hottechi,GTX Basic,569,2022-06-22
Anna Snelling,Domzoom,MG Special,54,2022-06-04
Anna Snelling,Konmatfix,MG Special,52,2022-06-09
Anna Snelling,Rangreen,MG Advanced,3813,2022-06-23
Niesha Huffines,Stanredtax,GTX Plus Basic,1188,2022-06-20
Gladys Colclough,Hottechi,GTXPro,5028,2022-06-29
Darcel Schlecht,Rundofase,MG Advanced,3249,2022-06-26
Markita Hansen,Hatfan,GTXPro,4815,2022-06-02
Darcel Schlecht,Globex Corporation,GTXPro,4709,2022-06-29
Violet Mclelland,Opentech,MG Special,57,2022-06-16
Cecily Lampkin,Codehow,MG Special,61,2022-06-10
Kary Hendrixson,Scotfind,GTX Plus Pro,5698,2022-06-22
Anna Snelling,dambase,GTX Plus Basic,1041,2022-06-28
Boris Faz,Massive Dynamic,MG Advanced,2677,2022-06-01
Darcel Schlecht,Gogozoom,MG Special,59,2022-06-24
Niesha Huffines,Stanredtax,GTX Plus Basic,1064,2022-06-07
Cassey Cress,Bluth Company,GTX Plus Basic,1078,2022-06-27
Daniell Hammack,Acme Corporation,GTXPro,5857,2022-06-25
Niesha Huffines,Dontechi,GTX Basic,603,2022-06-27
Vicki Laflamme,Konex,GTX Plus Basic,1208,2022-06-03
Kami Bicknell,Hottechi,GTX Basic,533,2022-06-06
Lajuana Vencill,Genco Pura Olive Oil Company,MG Special,56,2022-06-01
Hayden Neloms,Scotfind,MG Advanced,3624,2022-06-04
Anna Snelling,Ron-tech,MG Special,58,2022-06-02
Darcel Schlecht,Isdom,GTXPro,4606,2022-06-07
Marty Freudenburg,Domzoom,GTX Plus Pro,5241,2022-06-11
Niesha Huffines,Rundofase,GTX Basic,616,2022-06-05
Zane Levy,Condax,GTXPro,4642,2022-06-03
Anna Snelling,Bioholding,MG Special,63,2022-06-27
Donn Cantrell,Condax,GTX Basic,564,2022-06-01
Hayden Neloms,Golddex,GTX Plus Basic,964,2022-06-01
Jonathan Berthelot,Funholding,GTX Basic,583,2022-06-02
Versie Hillebrand,Stanredtax,MG Advanced,2807,2022-06-10
Cassey Cress,Xx-zobam,GTX Plus Basic,1112,2022-06-04
Elease Gluck,Blackzim,GTX Basic,562,2022-06-06
James Ascencio,Rantouch,GTX Basic,593,2022-06-04
Violet Mclelland,Ontomedia,MG Special,48,2022-06-10
Garret Kinder,Kan-code,GTX Basic,555,2022-06-06
James Ascencio,Labdrill,GTX Plus Basic,1090,2022-06-14
Vicki Laflamme,Zoomit,MG Special,60,2022-06-07
Cassey Cress,Bioplex,MG Advanced,2993,2022-06-27
Cecily Lampkin,Betatech,GTX Basic,460,2022-06-05
Reed Clapper,Mathtouch,GTXPro,5420,2022-06-07
Versie Hillebrand,Dontechi,MG Special,59,2022-06-11
Corliss Cosme,Donquadtech,GTXPro,5324,2022-06-09
Maureen Marcano,Faxquote,GTX Plus Basic,1030,2022-06-12
Kary Hendrixson,Nam-zim,MG Special,66,2022-06-07
Marty Freudenburg,Toughzap,GTX Plus Basic,1115,2022-06-18
Vicki Laflamme,Hatfan,GTXPro,4644,2022-06-02
Boris Faz,Zotware,GTX Plus Basic,940,2022-06-08
Daniell Hammack,Acme Corporation,GTXPro,5378,2022-06-07
Daniell Hammack,Kan-code,GTXPro,4712,2022-06-15
Markita Hansen,J-Texon,GTX Plus Basic,941,2022-06-08
Maureen Marcano,Hatfan,GTX Plus Basic,1171,2022-06-05
Vicki Laflamme,Hottechi,GTX Basic,537,2022-06-08
Anna Snelling,Genco Pura Olive Oil Company,GTX Basic,497,2022-06-11
Corliss Cosme,Opentech,GTXPro,5642,2022-06-11
Corliss Cosme,Umbrella Corporation,GTXPro,5081,2022-06-11
Donn Cantrell,Bluth Company,MG Advanced,3313,2022-06-11
Elease Gluck,Plexzap,MG Advanced,3850,2022-06-11
Markita Hansen,Sonron,GTX Plus Pro,4423,2022-06-15
Rosie Papadopoulos,Mathtouch,MG Advanced,2918,2022-06-22
Zane Levy,Green-Plus,GTXPro,5532,2022-06-06
Corliss Cosme,Xx-zobam,GTXPro,4687,2022-06-06
Darcel Schlecht,dambase,GTX Basic,602,2022-06-21
Marty Freudenburg,Finhigh,MG Advanced,3236,2022-06-03
Zane Levy,Condax,GTXPro,5644,2022-06-05
Darcel Schlecht,Inity,GTXPro,4192,2022-06-04
Elease Gluck,Sonron,MG Special,56,2022-06-10
Gladys Colclough,Condax,MG Special,48,2022-06-09
James Ascencio,Singletechno,GTX Plus Basic,1056,2022-06-04
Kary Hendrixson,Groovestreet,GTX Basic,588,2022-06-21
Reed Clapper,Kan-code,GTX Plus Basic,1120,2022-06-15
Versie Hillebrand,Ron-tech,MG Special,46,2022-06-13
Wilburn Farren,The New York Inquirer,MG Special,53,2022-06-14
Zane Levy,Condax,GTXPro,4988,2022-06-05
Anna Snelling,Isdom,GTX Basic,523,2022-06-08
Anna Snelling,Hottechi,MG Special,63,2022-06-11
Cassey Cress,Ontomedia,GTX Plus Pro,5112,2022-06-09
Darcel Schlecht,Inity,GTX Basic,565,2022-06-14
Darcel Schlecht,Ron-tech,MG Advanced,3771,2022-06-09
Reed Clapper,Konex,GTX Basic,562,2022-06-12
Cecily Lampkin,Streethex,MG Special,52,2022-06-12
Daniell Hammack,Betasoloin,GTXPro,4492,2022-06-06
Jonathan Berthelot,Treequote,GTX Basic,639,2022-06-22
Jonathan Berthelot,Globex Corporation,GTX Plus Basic,1040,2022-06-21
Violet Mclelland,Zathunicon,MG Special,54,2022-06-09
Daniell Hammack,Ontomedia,GTXPro,4942,2022-06-22
Donn Cantrell,Kan-code,GTXPro,4612,2022-06-14
Donn Cantrell,Zotware,GTXPro,4308,2022-06-20
Markita Hansen,Scotfind,GTX Plus Basic,967,2022-06-08
Reed Clapper,Initech,GTX Basic,524,2022-06-14
Versie Hillebrand,Warephase,GTX Plus Pro,5056,2022-06-13
Vicki Laflamme,Konex,GTX Basic,600,2022-06-08
Corliss Cosme,Kan-code,GTX Plus Basic,899,2022-06-10
Darcel Schlecht,Rundofase,GTXPro,4794,2022-06-18
Marty Freudenburg,Scottech,MG Special,60,2022-06-22
Maureen Marcano,Plexzap,MG Advanced,3227,2022-06-21
Daniell Hammack,Zotware,GTX Plus Basic,1064,2022-06-22
Jonathan Berthelot,Funholding,GTX Basic,624,2022-06-22
Jonathan Berthelot,Finhigh,GTX Plus Basic,1140,2022-06-11
Hayden Neloms,Green-Plus,MG Special,56,2022-06-21
Jonathan Berthelot,Ron-tech,GTX Basic,627,2022-06-18
Versie Hillebrand,Warephase,MG Advanced,3662,2022-06-22
Boris Faz,Umbrella Corporation,MG Advanced,3681,2022-06-24
Cecily Lampkin,Dontechi,MG Special,59,2022-06-18
Darcel Schlecht,Ron-tech,GTX Plus Pro,5175,2022-06-21
Jonathan Berthelot,Globex Corporation,GTX Basic,614,2022-06-16
Markita Hansen,Green-Plus,GTX Plus Basic,923,2022-06-16
Marty Freudenburg,Zumgoity,GTX Plus Basic,881,2022-06-14
Marty Freudenburg,Gogozoom,GTXPro,4272,2022-06-24
Vicki Laflamme,Sunnamplex,GTX Basic,507,2022-06-15
Kami Bicknell,Kan-code,GTXPro,5339,2022-06-19
Markita Hansen,Condax,GTX Plus Basic,1135,2022-06-26
Moses Frase,Codehow,MG Advanced,3681,2022-06-27
Cassey Cress,Iselectrics,MG Advanced,3772,2022-06-14
Cassey Cress,Sumace,MG Advanced,2871,2022-06-28
Jonathan Berthelot,Isdom,GTX Plus Basic,834,2022-06-22
Marty Freudenburg,Rangreen,MG Special,54,2022-06-19
Niesha Huffines,Domzoom,GTX Basic,527,2022-06-21
Niesha Huffines,Globex Corporation,MG Advanced,2724,2022-06-12
Vicki Laflamme,Plusstrip,GTX Plus Basic,1118,2022-06-21
Daniell Hammack,Iselectrics,GTX Plus Pro,5353,2022-06-19
Darcel Schlecht,Betatech,GTXPro,4410,2022-06-24
Lajuana Vencill,Treequote,MG Advanced,3470,2022-06-27
Versie Hillebrand,Zumgoity,MG Special,55,2022-06-15
Gladys Colclough,Globex Corporation,GTX Plus Pro,6365,2022-06-25
Kary Hendrixson,Sonron,GTXPro,4798,2022-06-29
Markita Hansen,Fasehatice,GTXPro,4733,2022-06-25
Anna Snelling,Isdom,MG Special,58,2022-06-24
Cassey Cress,Mathtouch,MG Advanced,3424,2022-06-19
James Ascencio,Scotfind,MG Special,68,2022-06-27
Versie Hillebrand,Bioholding,MG Special,59,2022-06-15
Vicki Laflamme,Fasehatice,MG Advanced,3205,2022-06-26
Anna Snelling,Globex Corporation,MG Special,55,2022-06-23
Elease Gluck,Faxquote,MG Advanced,3110,2022-06-25
Hayden Neloms,Groovestreet,MG Advanced,3539,2022-06-28
Lajuana Vencill,Warephase,MG Advanced,3468,2022-06-15
Boris Faz,Zotware,GTX Plus Pro,6040,2022-06-28
Cecily Lampkin,dambase,MG Advanced,3785,2022-06-25
Daniell Hammack,Initech,GTX Basic,420,2022-06-26
Daniell Hammack,Xx-zobam,GTXPro,4939,2022-06-20
Darcel Schlecht,Scottech,GTXPro,4564,2022-06-30
Elease Gluck,Cheers,GTK 500,25464,2022-06-30
Jonathan Berthelot,Rundofase,GTX Basic,546,2022-06-28
Rosie Papadopoulos,Xx-zobam,MG Advanced,3306,2022-06-29
Vicki Laflamme,Hatfan,MG Special,54,2022-06-22
Vicki Laflamme,Hottechi,MG Special,53,2022-06-28
Daniell Hammack,Konex,GTX Plus Basic,985,2022-06-25
Darcel Schlecht,Isdom,MG Advanced,3323,2022-06-24
Kami Bicknell,Faxquote,GTXPro,4756,2022-06-25
Lajuana Vencill,Stanredtax,MG Advanced,3228,2022-06-24
Zane Levy,Newex,MG Advanced,4234,2022-06-27
James Ascencio,Finjob,GTX Plus Pro,5306,2022-06-24
Daniell Hammack,Mathtouch,GTXPro,3720,2022-06-26
Elease Gluck,Scotfind,GTX Plus Pro,6666,2022-06-28
Gladys Colclough,Isdom,GTXPro,5115,2022-06-23
Jonathan Berthelot,Stanredtax,MG Special,60,2022-06-22
Kami Bicknell,Lexiqvolax,GTX Basic,551,2022-06-22
Daniell Hammack,Zencorporation,GTXPro,5388,2022-06-21
Darcel Schlecht,Funholding,GTXPro,5030,2022-06-25
Hayden Neloms,Condax,MG Special,55,2022-06-25
Kary Hendrixson,Finjob,MG Special,52,2022-06-24
Markita Hansen,Doncon,MG Special,54,2022-06-27
Maureen Marcano,Fasehatice,MG Special,61,2022-06-23
Corliss Cosme,Silis,GTX Basic,551,2022-06-25
Garret Kinder,Gekko & Co,GTXPro,5622,2022-06-26
Rosie Papadopoulos,Bioplex,GTX Plus Pro,6229,2022-06-27
Vicki Laflamme,Scotfind,MG Advanced,3559,2022-06-23
Jonathan Berthelot,Funholding,GTX Plus Basic,1033,2022-06-26
Reed Clapper,Yearin,GTXPro,5302,2022-06-30
Violet Mclelland,Plussunin,MG Advanced,3863,2022-06-30
Vicki Laflamme,Goodsilron,MG Advanced,3815,2022-06-30
Vicki Laflamme,Sunnamplex,MG Advanced,2753,2022-06-27
Gladys Colclough,Rangreen,MG Advanced,3478,2022-06-28
Moses Frase,Hottechi,MG Special,57,2022-06-02
Garret Kinder,Zotware,GTXPro,4426,2022-06-04
Gladys Colclough,Codehow,GTX Basic,565,2022-06-04
Corliss Cosme,Ontomedia,GTX Basic,599,2022-06-06
Garret Kinder,Condax,GTX Plus Pro,5429,2022-06-05
Marty Freudenburg,Betatech,MG Special,41,2022-06-06
Elease Gluck,Kan-code,GTX Basic,581,2022-06-07
James Ascencio,Golddex,GTX Plus Pro,5116,2022-06-06
Anna Snelling,Finhigh,GTX Plus Basic,1216,2022-06-01
Cassey Cress,Condax,MG Advanced,3908,2022-06-04
Hayden Neloms,Sonron,MG Advanced,3689,2022-06-14
Vicki Laflamme,J-Texon,MG Special,55,2022-06-05
Marty Freudenburg,Codehow,GTX Plus Basic,1190,2022-06-06
Rosalina Dieter,Scotfind,GTXPro,4933,2022-06-13
Versie Hillebrand,Ron-tech,MG Advanced,3642,2022-06-04
Darcel Schlecht,Betatech,MG Advanced,3822,2022-06-15
Lajuana Vencill,Codehow,MG Advanced,2525,2022-06-18
Rosalina Dieter,Groovestreet,GTK 500,30288,2022-06-07
Boris Faz,Konex,GTX Plus Basic,1121,2022-06-03
Cassey Cress,Silis,GTX Basic,477,2022-06-04
Hayden Neloms,Goodsilron,GTX Plus Basic,975,2022-06-20
Kami Bicknell,Lexiqvolax,GTX Basic,441,2022-06-09
Niesha Huffines,Codehow,GTX Plus Basic,1018,2022-06-15
Zane Levy,Konex,GTX Plus Basic,1068,2022-06-02
Zane Levy,Finjob,GTX Basic,532,2022-06-23
Versie Hillebrand,Finhigh,MG Special,60,2022-06-03
Vicki Laflamme,Singletechno,MG Advanced,2919,2022-06-13
Kami Bicknell,Condax,GTX Plus Basic,1103,2022-06-07
Donn Cantrell,Acme Corporation,GTX Plus Pro,5724,2022-06-11
Niesha Huffines,Dontechi,GTX Basic,672,2022-06-05